ID,LATITUDE,LONGTITUDE,RIVER,SMPDAT,YEAR,CLASS,DO,BOD,COD,SS,pH,AN
1,2.777683,101.751983,LANGAT,10/1/2012,2012,III,0.268,0.087,0.131,0.129,0.536,0.000
2,2.777683,101.751983,LANGAT,12/3/2012,2012,III,0.079,0.087,0.064,0.099,0.468,0.040
3,2.777683,101.751983,LANGAT,8/5/2012,2012,III,0.095,0.109,0.094,0.051,0.399,0.037
4,2.777683,101.751983,LANGAT,6/7/2012,2012,III,0.170,0.304,0.228,0.110,0.609,0.024
5,2.777683,101.751983,LANGAT,6/8/2012,2012,III,0.177,0.326,0.325,0.014,0.594,0.005
6,2.777633,101.752100,LANGAT,5/9/2012,2012,III,0.263,0.152,0.161,0.029,0.593,0.016
7,2.777683,101.751983,LANGAT,7/11/2012,2012,III,0.442,0.261,0.228,0.000,0.128,0.031
8,2.777683,101.751983,LANGAT,10/1/2012,2012,III,0.132,0.109,0.143,0.029,0.484,0.118
9,2.777683,101.751983,LANGAT,2/2/2012,2012,III,0.295,0.043,0.088,0.009,0.465,0.062
10,2.397600,101.982366,LANGAT,14/3/2012,2012,III,0.218,0.109,0.119,0.031,0.458,0.041
11,2.397600,101.982366,LANGAT,9/4/2012,2012,III,0.178,0.109,0.100,0.046,0.555,0.065
12,2.481967,102.013000,LANGAT,8/5/2012,2012,III,0.265,0.152,0.137,0.103,0.449,0.023
13,2.397600,101.982366,LANGAT,11/6/2012,2012,IV,0.000,0.500,0.410,0.012,0.511,0.051
14,2.397600,101.982366,LANGAT,6/7/2012,2012,III,0.129,0.239,0.173,0.013,0.561,0.156
15,2.397600,101.982366,LANGAT,6/8/2012,2012,III,0.175,0.065,0.100,0.004,0.564,0.117
16,2.481967,102.013000,LANGAT,5/9/2012,2012,III,0.347,0.109,0.131,0.060,0.578,0.005
17,2.481967,102.013000,LANGAT,4/10/2012,2012,III,0.299,0.109,0.137,0.015,0.153,0.116
18,2.397600,101.982366,LANGAT,7/11/2012,2012,III,0.401,0.087,0.088,0.016,0.463,0.027
19,2.481967,102.013000,LANGAT,12/12/2012,2012,II,0.438,0.087,0.070,0.004,0.334,0.030
20,2.481967,102.013000,LANGAT,9/1/2012,2012,II,0.479,0.022,0.021,0.014,0.550,0.000
21,2.481967,102.013000,LANGAT,2/2/2012,2012,II,0.599,0.043,0.015,0.026,0.531,0.094
22,2.580816,101.956950,LANGAT,14/3/2012,2012,II,0.426,0.087,0.076,0.009,0.534,0.053
23,2.580816,101.956950,LANGAT,5/4/2012,2012,II,0.444,0.022,0.015,0.060,0.520,0.044
24,2.580816,101.956950,LANGAT,8/5/2012,2012,II,0.500,0.022,0.046,0.036,0.507,0.031
25,2.580816,101.956950,LANGAT,11/6/2012,2012,II,0.350,0.043,0.033,0.012,0.516,0.001
26,2.651733,101 55 501,LANGAT,6/7/2012,2012,III,0.458,0.087,0.088,0.053,0.582,0.154
27,2.580816,101.956950,LANGAT,5/9/2012,2012,III,0.261,0.109,0.137,0.134,0.550,0.060
28,2.651733,101 55 501,LANGAT,3/10/2012,2012,III,0.468,0.065,0.058,0.029,0.598,0.091
29,2.651733,101 55 501,LANGAT,7/11/2012,2012,III,0.500,0.174,0.179,0.058,0.490,0.034
30,2.651733,101 55 501,LANGAT,12/12/2012,2012,II,0.608,0.087,0.076,0.004,0.525,0.034
31,2.651733,101 55 501,LANGAT,9/1/2012,2012,III,0.413,0.109,0.204,0.042,0.562,0.003
32,2.590666,101.965950,LANGAT,4/2/2012,2012,III,0.366,0.239,0.222,0.001,0.555,0.134
33,2.651733,101 55 501,LANGAT,14/3/2012,2012,II,0.561,0.065,0.064,0.034,0.564,0.061
34,2.710183,101.952766,LANGAT,5/4/2012,2012,II,0.625,0.087,0.070,0.042,0.550,0.064
35,2.710183,101.952766,LANGAT,8/5/2012,2012,II,0.537,0.043,0.058,0.035,0.525,0.051
36,2.710183,101.952766,LANGAT,12/6/2012,2012,III,0.256,0.217,0.131,0.046,0.520,0.173
37,2.710183,101.952766,LANGAT,5/7/2012,2012,III,0.452,0.304,0.246,0.043,0.557,0.138
38,2.710183,101.952766,LANGAT,2/8/2012,2012,IV,0.202,0.413,0.404,0.088,0.546,0.268
39,2.710183,101.952766,LANGAT,5/9/2012,2012,III,0.355,0.261,0.264,0.066,0.554,0.096
40,2.693866,101.933660,LANGAT,3/10/2012,2012,III,0.352,0.217,0.216,0.086,0.626,0.143
41,2.693866,101.933660,LANGAT,7/11/2012,2012,II,0.568,0.087,0.070,0.067,0.561,0.047
42,2.693866,101.933660,LANGAT,12/12/2012,2012,III,0.650,0.196,0.191,0.026,0.575,0.040
43,2.693866,101.933660,LANGAT,9/1/2012,2012,I,0.756,0.022,0.021,0.000,0.621,0.010
44,2.693866,101.933660,LANGAT,13/3/2012,2012,I,0.640,0.022,0.040,0.003,0.562,0.002
45,2.693866,101.933660,LANGAT,3/5/2012,2012,II,0.722,0.152,0.143,0.009,0.546,0.000
46,2.463083,102.055400,LANGAT,5/7/2012,2012,II,0.723,0.043,0.070,0.000,0.610,0.006
47,2.463083,102.055400,LANGAT,3/9/2012,2012,I,0.719,0.022,0.015,0.000,0.646,0.000
48,2.463083,102.055400,LANGAT,7/11/2012,2012,I,0.738,0.022,0.015,0.001,0.577,0.001
49,2.463083,102.055400,SEMENYIH,9/1/2012,2012,I,0.704,0.022,0.015,0.006,0.612,0.008
50,2.463083,102.055400,SEMENYIH,13/3/2012,2012,II,0.602,0.043,0.052,0.013,0.520,0.002
51,2.463083,102.055400,SEMENYIH,3/5/2012,2012,II,0.665,0.130,0.143,0.023,0.463,0.002
52,2.456616,102.071350,SEMENYIH,5/7/2012,2012,II,0.684,0.109,0.119,0.032,0.594,0.016
53,2.456616,102.071350,SEMENYIH,3/9/2012,2012,II,0.683,0.043,0.052,0.004,0.623,0.004
54,2.456616,102.071350,SEMENYIH,7/11/2012,2012,II,0.691,0.022,0.033,0.022,0.582,0.004
55,2.456616,102.071350,LUI,9/1/2012,2012,I,0.713,0.022,0.015,0.003,0.575,0.007
56,2.456616,102.071350,LUI,13/3/2012,2012,II,0.638,0.043,0.058,0.010,0.507,0.000
57,2.456616,102.071350,LUI,3/5/2012,2012,II,0.724,0.152,0.185,0.018,0.472,0.001
58,2.538366,102.036133,LUI,5/7/2012,2012,II,0.713,0.087,0.058,0.001,0.541,0.015
59,2.538366,102.036133,LUI,3/9/2012,2012,II,0.685,0.152,0.131,0.000,0.570,0.000
60,2.538366,102.036133,LUI,7/11/2012,2012,I,0.727,0.022,0.021,0.009,0.532,0.001
61,2.538366,102.036133,LANGAT,9/1/2012,2012,II,0.522,0.022,0.027,0.090,0.555,0.005
62,2.538366,102.036133,LANGAT,4/2/2012,2012,II,0.531,0.022,0.027,0.008,0.557,0.119
63,2.538366,102.036133,LANGAT,13/3/2012,2012,II,0.645,0.065,0.100,0.057,0.562,0.029
64,2.592300,102.085316,LANGAT,5/4/2012,2012,III,0.622,0.174,0.198,0.079,0.486,0.057
65,2.592300,102.085316,LANGAT,3/5/2012,2012,III,0.711,0.348,0.289,0.108,0.518,0.024
66,2.592300,102.085316,LANGAT,12/6/2012,2012,III,0.498,0.065,0.046,0.062,0.561,0.118
67,2.592300,102.085316,LANGAT,5/7/2012,2012,II,0.604,0.130,0.100,0.010,0.550,0.089
68,2.592300,102.085316,LANGAT,2/8/2012,2012,IV,0.259,0.522,0.459,0.068,0.497,0.436
69,2.592300,102.085316,LANGAT,3/9/2012,2012,III,0.596,0.087,0.082,0.011,0.584,0.192
70,2.592400,102.052783,LANGAT,3/10/2012,2012,III,0.563,0.087,0.070,0.044,0.605,0.091
71,2.592400,102.052783,LANGAT,7/11/2012,2012,II,0.722,0.152,0.161,0.028,0.570,0.033
72,2.592400,102.052783,LANGAT,12/12/2012,2012,II,0.753,0.152,0.131,0.004,0.582,0.039
73,2.592400,102.052783,LANGAT,9/1/2012,2012,I,0.732,0.022,0.015,0.001,0.598,0.005
74,2.592400,102.052783,LANGAT,13/3/2012,2012,I,0.627,0.022,0.015,0.007,0.538,0.006
75,2.592400,102.052783,LANGAT,3/5/2012,2012,II,0.693,0.152,0.137,0.023,0.484,0.010
76,2.590666,101.965950,LANGAT,5/7/2012,2012,II,0.685,0.065,0.112,0.005,0.589,0.008
77,2.590666,101.965950,LANGAT,3/9/2012,2012,I,0.680,0.022,0.021,0.000,0.601,0.000
78,2.590666,101.965950,LANGAT,7/11/2012,2012,II,0.699,0.087,0.076,0.004,0.589,0.006
79,2.590666,101.965950,PAJAM,10/1/2012,2012,II,0.585,0.022,0.015,0.016,0.742,0.061
80,2.580816,101.956950,PAJAM,2/2/2012,2012,II,0.489,0.087,0.106,0.041,0.546,0.005
81,2.590666,101.965950,PAJAM,13/3/2012,2012,III,0.446,0.109,0.094,0.012,0.550,0.067
82,2.790833,102.006450,PAJAM,9/4/2012,2012,III,0.392,0.174,0.155,0.009,0.617,0.119
83,2.790833,102.006450,PAJAM,3/5/2012,2012,III,0.347,0.217,0.234,0.063,0.557,0.032
84,2.790833,102.006450,PAJAM,11/6/2012,2012,III,0.500,0.239,0.119,0.032,0.546,0.081
85,2.790833,102.006450,PAJAM,6/7/2012,2012,III,0.388,0.109,0.137,0.073,0.626,0.169
86,2.790833,102.006450,PAJAM,2/8/2012,2012,II,0.597,0.043,0.058,0.006,0.610,0.044
87,2.790833,102.006450,PAJAM,3/9/2012,2012,II,0.527,0.022,0.015,0.007,0.577,0.026
88,2.442750,102.114600,PAJAM,3/10/2012,2012,II,0.469,0.065,0.058,0.019,0.656,0.060
89,2.442750,102.114600,PAJAM,7/11/2012,2012,III,0.534,0.130,0.137,0.037,0.573,0.100
90,2.442750,102.114600,PAJAM,12/12/2012,2012,III,0.541,0.152,0.143,0.039,0.586,0.089
91,2.442750,102.114600,BATANG NILAI,10/1/2012,2012,III,0.482,0.217,0.155,0.005,0.711,0.402
92,2.442750,102.114600,BATANG NILAI,2/2/2012,2012,II,0.806,0.174,0.155,0.002,0.736,0.000
93,2.442750,102.114600,BATANG NILAI,13/3/2012,2012,III,0.227,0.174,0.173,0.003,0.605,0.129
94,2.296033,102.260766,BATANG NILAI,9/4/2012,2012,II,0.733,0.022,0.015,0.007,0.704,0.016
95,2.296033,102.260766,BATANG NILAI,8/5/2012,2012,III,1.000,0.239,0.271,0.004,0.834,0.232
96,2.295983,102.260550,BATANG NILAI,11/6/2012,2012,III,0.718,0.348,0.234,0.006,0.719,0.571
97,2.296033,102.260766,BATANG NILAI,6/7/2012,2012,III,0.757,0.239,0.191,0.005,0.795,0.308
98,2.296033,102.260766,BATANG NILAI,2/8/2012,2012,III,0.605,0.239,0.185,0.004,0.680,0.425
99,2.296033,102.260766,BATANG NILAI,3/9/2012,2012,II,0.675,0.022,0.015,0.001,0.735,0.022
100,2.296033,102.260766,BATANG NILAI,3/10/2012,2012,IV,0.259,0.391,0.295,0.039,0.747,0.536
101,2.296033,102.260766,BATANG NILAI,7/11/2012,2012,II,0.630,0.087,0.076,0.011,0.593,0.178
102,2.296033,102.260766,BATANG NILAI,12/12/2012,2012,III,0.700,0.174,0.161,0.005,0.630,0.176
103,2.296033,102.260766,JIJAN,10/1/2012,2012,II,0.648,0.065,0.082,0.003,0.545,0.020
104,2.296033,102.260766,JIJAN,2/2/2012,2012,II,0.560,0.022,0.015,0.004,0.527,0.033
105,2.296033,102.260766,JIJAN,13/3/2012,2012,II,0.532,0.065,0.058,0.014,0.401,0.012
106,2.339783,101.254433,JIJAN,9/4/2012,2012,II,0.541,0.109,0.119,0.058,0.445,0.009
107,2.339783,101.254433,JIJAN,8/5/2012,2012,III,0.530,0.109,0.161,0.075,0.360,0.017
108,2.339633,102.254166,JIJAN,11/6/2012,2012,II,0.740,0.022,0.027,0.001,0.477,0.043
109,2.339783,101.254433,JIJAN,6/7/2012,2012,II,0.504,0.022,0.015,0.013,0.564,0.032
110,2.339783,101.254433,JIJAN,2/8/2012,2012,II,0.553,0.022,0.015,0.011,0.564,0.115
111,2.339783,101.254433,JIJAN,3/9/2012,2012,II,0.623,0.087,0.076,0.007,0.614,0.087
112,2.339783,101.254433,JIJAN,3/10/2012,2012,II,0.588,0.022,0.021,0.047,0.607,0.057
113,2.339783,101.254433,JIJAN,7/11/2012,2012,II,0.590,0.065,0.076,0.023,0.522,0.015
114,2.339783,101.254433,JIJAN,12/12/2012,2012,II,0.677,0.109,0.137,0.008,0.573,0.027
115,2.864966,101.437483,LANGAT,4/1/2013,2013,III,0.368,0.087,0.088,0.072,0.321,0.071
116,2.864966,101.437483,LANGAT,6/3/2013,2013,III,0.290,0.109,0.118,0.030,0.506,0.038
117,2.864966,101.437483,LANGAT,4/5/2013,2013,III,0.158,0.087,0.064,0.019,0.474,0.039
118,2.864966,101.437483,LANGAT,7/7/2013,2013,III,0.380,0.130,0.106,0.038,0.601,0.060
119,2.864966,101.437483,LANGAT,4/9/2013,2013,II,0.443,0.022,0.027,0.007,0.353,0.095
120,2.815250,101.512116,LANGAT,8/11/2013,2013,III,0.214,0.109,0.106,0.011,0.073,0.061
121,2.815250,101.512116,LANGAT,4/1/2013,2013,III,0.374,0.087,0.100,0.068,0.385,0.055
122,2.815250,101.512116,LANGAT,14/2/2013,2013,III,0.295,0.087,0.070,0.305,0.445,0.068
123,2.815250,101.512116,LANGAT,6/3/2013,2013,III,0.251,0.239,0.154,0.021,0.444,0.066
124,2.815250,101.512116,LANGAT,3/4/2013,2013,III,0.197,0.065,0.058,0.029,0.486,0.066
125,2.815250,101.512116,LANGAT,4/5/2013,2013,III,0.397,0.174,0.133,0.069,0.468,0.060
126,2.815250,101.512116,LANGAT,5/6/2013,2013,III,0.198,0.109,0.100,0.033,0.516,0.080
127,2.815250,101.512116,LANGAT,7/7/2013,2013,III,0.182,0.087,0.100,0.036,0.621,0.060
128,2.815250,101.512116,LANGAT,1/8/2013,2013,III,0.273,0.152,0.164,0.003,0.518,0.143
129,2.815250,101.512116,LANGAT,4/9/2013,2013,III,0.359,0.065,0.069,0.097,0.454,0.069
130,2.815250,101.512116,LANGAT,3/10/2013,2013,III,0.332,0.239,0.191,0.012,0.367,0.187
131,2.815250,101.512116,LANGAT,8/11/2013,2013,IV,0.248,0.239,0.210,0.017,0.000,0.092
132,2.855566,101.681266,LANGAT,13/12/2013,2013,III,0.422,0.065,0.067,0.001,0.200,0.078
133,2.855566,101.681266,LANGAT,4/1/2013,2013,II,0.631,0.022,0.015,0.023,0.548,0.067
134,2.855566,101.681266,LANGAT,14/2/2013,2013,II,0.477,0.022,0.015,0.039,0.536,0.100
135,2.855566,101.681266,LANGAT,6/3/2013,2013,III,0.377,0.174,0.106,0.039,0.541,0.097
136,2.855566,101.681266,LANGAT,3/4/2013,2013,III,0.381,0.196,0.164,0.029,0.518,0.066
137,2.855566,101.681266,LANGAT,4/5/2013,2013,III,0.407,0.043,0.033,0.097,0.481,0.038
138,2.855566,101.681266,LANGAT,5/6/2013,2013,III,0.367,0.196,0.166,0.107,0.573,0.028
139,2.855566,101.681266,LANGAT,7/7/2013,2013,III,0.480,0.109,0.105,0.032,0.672,0.131
140,2.855566,101.681266,LANGAT,1/8/2013,2013,III,0.412,0.174,0.188,0.013,0.601,0.195
141,2.855566,101.681266,LANGAT,4/9/2013,2013,III,0.515,0.109,0.096,0.055,0.555,0.033
142,2.855566,101.681266,LANGAT,3/10/2013,2013,III,0.375,0.109,0.094,0.013,0.541,0.237
143,2.855566,101.681266,LANGAT,8/11/2013,2013,III,0.463,0.152,0.137,0.050,0.408,0.105
144,2.992033,101.785800,LANGAT,14/12/2013,2013,III,0.371,0.087,0.087,0.015,0.520,0.079
145,2.992033,101.785800,LANGAT,6/1/2013,2013,II,0.484,0.022,0.046,0.041,0.571,0.073
146,2.992033,101.785800,LANGAT,14/2/2013,2013,III,0.444,0.022,0.015,0.011,0.543,0.179
147,2.992033,101.785800,LANGAT,6/3/2013,2013,III,0.313,0.413,0.270,0.013,0.532,0.169
148,2.992033,101.785800,LANGAT,4/4/2013,2013,III,0.398,0.174,0.131,0.067,0.522,0.099
149,2.992033,101.785800,LANGAT,12/5/2013,2013,II,0.648,0.043,0.043,0.013,0.609,0.054
150,2.992033,101.785800,LANGAT,5/6/2013,2013,III,0.389,0.174,0.139,0.009,0.594,0.059
151,2.992033,101.785800,LANGAT,5/7/2013,2013,III,0.389,0.326,0.289,0.045,0.578,0.085
152,2.992033,101.785800,LANGAT,1/8/2013,2013,III,0.397,0.370,0.373,0.059,0.672,0.087
153,2.992033,101.785800,LANGAT,4/9/2013,2013,III,0.600,0.196,0.164,0.042,0.481,0.059
154,2.992033,101.785800,LANGAT,3/10/2013,2013,III,0.351,0.348,0.295,0.030,0.578,0.125
155,2.910983,101.784000,LANGAT,6/11/2013,2013,III,0.241,0.109,0.106,0.017,0.559,0.192
156,3.167400,101.850566,LANGAT,11/12/2013,2013,III,0.416,0.109,0.102,0.016,0.639,0.081
157,3.167400,101.850566,LANGAT,6/1/2013,2013,I,0.670,0.022,0.015,0.001,0.587,0.006
158,3.167400,101.850566,LANGAT,6/3/2013,2013,I,0.764,0.000,0.000,0.001,0.548,0.003
159,3.167400,101.850566,LANGAT,12/5/2013,2013,II,0.833,0.065,0.057,0.000,0.545,0.003
160,3.167400,101.850566,LANGAT,5/7/2013,2013,II,0.716,0.109,0.114,0.002,0.667,0.020
161,3.167400,101.850566,LANGAT,4/9/2013,2013,I,0.742,0.022,0.024,0.000,0.628,0.003
162,2.892483,101.083600,LANGAT,6/11/2013,2013,I,0.720,0.022,0.027,0.000,0.534,0.003
163,2.892483,101.083600,SEMENYIH,30/11/2013,2013,III,0.357,0.109,0.099,0.013,0.531,0.033
164,2.892483,101 45 009,SEMENYIH,30/10/2013,2013,II,0.532,0.152,0.137,0.010,0.529,0.039
165,3.008816,101.868916,SEMENYIH,19/12/2013,2013,III,0.409,0.087,0.086,0.009,0.532,0.048
166,3.008816,101.868916,SEMENYIH,6/1/2013,2013,II,0.625,0.022,0.015,0.038,0.523,0.013
167,3.008816,101.868916,SEMENYIH,7/3/2013,2013,II,0.692,0.087,0.075,0.023,0.594,0.007
168,3.008816,101.868916,SEMENYIH,12/5/2013,2013,II,0.768,0.043,0.028,0.010,0.534,0.003
169,3.008816,101.868916,SEMENYIH,5/7/2013,2013,II,0.674,0.130,0.100,0.006,0.662,0.001
170,3.008816,101.868916,SEMENYIH,4/9/2013,2013,I,0.654,0.022,0.035,0.009,0.614,0.002
171,3.173766,101.869250,SEMENYIH,6/11/2013,2013,I,0.647,0.022,0.033,0.007,0.546,0.004
172,3.173766,101.869250,LUI,6/1/2013,2013,I,0.654,0.022,0.015,0.001,0.534,0.005
173,3.173766,101.869250,LUI,6/3/2013,2013,I,0.730,0.065,0.040,0.001,0.486,0.000
174,3.173766,101.869250,LUI,12/5/2013,2013,II,0.717,0.087,0.072,0.001,0.516,0.001
175,3.173766,101.869250,LUI,5/7/2013,2013,II,0.704,0.152,0.143,0.000,0.633,0.000
176,3.173766,101.869250,LUI,4/9/2013,2013,I,0.738,0.043,0.052,0.005,0.520,0.001
177,3.041000,101.773133,LUI,6/11/2013,2013,I,0.684,0.022,0.021,0.000,0.515,0.002
178,3.041000,101.773133,LANGAT,6/1/2013,2013,II,0.590,0.065,0.064,0.006,0.541,0.125
179,3.041000,101.773133,LANGAT,14/2/2013,2013,II,0.535,0.022,0.033,0.047,0.504,0.099
180,3.041000,101.773133,LANGAT,6/3/2013,2013,III,0.613,0.326,0.209,0.019,0.497,0.090
181,3.041000,101.773133,LANGAT,4/4/2013,2013,III,0.551,0.130,0.100,0.064,0.527,0.072
182,3.041000,101.773133,LANGAT,12/5/2013,2013,II,0.650,0.065,0.057,0.011,0.566,0.053
183,3.041000,101.773133,LANGAT,5/6/2013,2013,II,0.567,0.109,0.091,0.026,0.573,0.062
184,3.041000,101.773133,LANGAT,5/7/2013,2013,III,0.623,0.109,0.091,0.046,0.648,0.060
185,3.041000,101.773133,LANGAT,1/8/2013,2013,III,0.449,0.283,0.306,0.052,0.601,0.100
186,3.041000,101.773133,LANGAT,4/9/2013,2013,III,0.642,0.130,0.117,0.050,0.582,0.045
187,3.041000,101.773133,LANGAT,3/10/2013,2013,III,0.442,0.348,0.283,0.037,0.571,0.121
188,3.041000,101.773133,LANGAT,8/11/2013,2013,III,0.531,0.457,0.386,0.116,0.504,0.034
189,3.111283,101.816816,LANGAT,11/12/2013,2013,III,0.373,0.152,0.140,0.013,0.610,0.083
190,3.111283,101.816816,LANGAT,6/1/2013,2013,II,0.625,0.022,0.021,0.003,0.543,0.010
191,3.111283,101.816816,LANGAT,6/3/2013,2013,II,0.724,0.043,0.032,0.013,0.534,0.008
192,3.111283,101.816816,LANGAT,12/5/2013,2013,II,0.778,0.152,0.117,0.004,0.525,0.007
193,3.111283,101.816816,LANGAT,5/7/2013,2013,II,0.670,0.109,0.094,0.002,0.641,0.007
194,3.111283,101.816816,LANGAT,4/9/2013,2013,II,0.698,0.087,0.080,0.008,0.616,0.007
195,2.888283,101.828900,LANGAT,6/11/2013,2013,II,0.693,0.087,0.082,0.001,0.541,0.018
196,2.888283,101.828900,PAJAM,6/1/2013,2013,II,0.489,0.087,0.088,0.003,0.571,0.103
197,2.888283,101.828900,PAJAM,14/2/2013,2013,II,0.560,0.022,0.015,0.008,0.623,0.041
198,2.888283,101.828900,PAJAM,7/3/2013,2013,III,0.564,0.217,0.170,0.014,0.607,0.215
199,2.888283,101.828900,PAJAM,4/4/2013,2013,III,0.452,0.239,0.192,0.049,0.559,0.088
200,2.888283,101.828900,PAJAM,4/5/2013,2013,III,0.470,0.217,0.187,0.006,0.534,0.149
201,2.888283,101.828900,PAJAM,5/6/2013,2013,III,0.501,0.152,0.112,0.023,0.605,0.080
202,2.888283,101.828900,PAJAM,7/7/2013,2013,III,0.582,0.261,0.255,0.025,0.690,0.339
203,2.888283,101.828900,PAJAM,1/8/2013,2013,III,0.490,0.217,0.236,0.093,0.646,0.162
204,2.888283,101.828900,PAJAM,4/9/2013,2013,III,0.570,0.109,0.092,0.032,0.573,0.097
205,2.888283,101.828900,PAJAM,3/10/2013,2013,III,0.504,0.109,0.100,0.030,0.607,0.067
206,2.877166,101.839766,PAJAM,6/11/2013,2013,III,0.423,0.239,0.204,0.053,0.527,0.178
207,2.801816,101.791466,PAJAM,11/12/2013,2013,III,0.439,0.130,0.126,0.027,0.653,0.110
208,2.801816,101.791466,BATANG NILAI,6/1/2013,2013,III,0.554,0.152,0.143,0.004,0.664,0.192
209,2.801816,101.791466,BATANG NILAI,14/2/2013,2013,II,0.791,0.065,0.052,0.026,0.774,0.015
210,2.801816,101.791466,BATANG NILAI,7/3/2013,2013,III,0.858,0.304,0.238,0.005,0.798,0.341
211,2.801816,101.791466,BATANG NILAI,4/4/2013,2013,III,0.628,0.217,0.167,0.003,0.697,0.204
212,2.801816,101.791466,BATANG NILAI,4/5/2013,2013,III,0.649,0.283,0.219,0.003,0.678,0.639
213,2.801816,101.791466,BATANG NILAI,5/6/2013,2013,III,0.726,0.217,0.178,0.004,0.804,0.329
214,2.801816,101.791466,BATANG NILAI,7/7/2013,2013,III,0.856,0.261,0.253,0.004,0.546,0.329
215,2.801816,101.791466,BATANG NILAI,1/8/2013,2013,III,0.672,0.326,0.342,0.002,0.743,0.326
216,2.801816,101.791466,BATANG NILAI,4/9/2013,2013,III,0.513,0.130,0.108,0.003,0.641,0.134
217,2.801816,101.791466,BATANG NILAI,3/10/2013,2013,III,0.331,0.283,0.240,0.001,0.655,0.402
218,2.801816,101.791466,BATANG NILAI,6/11/2013,2013,III,0.586,0.152,0.137,0.006,0.589,0.421
219,2.777683,101.751983,BATANG NILAI,11/12/2013,2013,III,0.412,0.283,0.252,0.005,0.671,0.552
220,2.777683,101.751983,JIJAN,6/1/2013,2013,II,0.542,0.022,0.015,0.010,0.417,0.073
221,2.777683,101.751983,JIJAN,14/2/2013,2013,II,0.590,0.065,0.058,0.030,0.509,0.009
222,2.777683,101.751983,JIJAN,6/3/2013,2013,II,0.482,0.043,0.031,0.036,0.358,0.011
223,2.777683,101.751983,JIJAN,4/4/2013,2013,II,0.532,0.152,0.126,0.015,0.456,0.016
224,2.777683,101.751983,JIJAN,4/5/2013,2013,II,0.560,0.000,0.005,0.028,0.460,0.021
225,2.777683,101.751983,JIJAN,5/6/2013,2013,II,0.525,0.109,0.088,0.023,0.635,0.013
226,2.777683,101.751983,JIJAN,7/7/2013,2013,II,0.555,0.109,0.118,0.003,0.667,0.049
227,2.777683,101.751983,JIJAN,1/8/2013,2013,II,0.716,0.174,0.188,0.001,0.628,0.032
228,2.777683,101.751983,JIJAN,4/9/2013,2013,II,0.553,0.043,0.045,0.013,0.566,0.020
229,2.777683,101.751983,JIJAN,3/10/2013,2013,II,0.671,0.043,0.046,0.004,0.644,0.032
230,2.777633,101.752050,JIJAN,8/11/2013,2013,II,0.531,0.065,0.076,0.006,0.515,0.016
231,2.787183,101.750766,JIJAN,11/12/2013,2013,II,0.536,0.065,0.067,0.015,0.593,0.024
232,2.787183,101.750766,BATANG LABU,30/11/2013,2013,III,0.405,0.261,0.232,0.010,0.554,0.031
233,2.789450,101.739816,BATANG LABU,30/10/2013,2013,III,0.426,0.196,0.179,0.022,0.548,0.132
234,2.397600,101.982366,BATANG LABU,19/12/2013,2013,II,0.425,0.109,0.095,0.005,0.516,0.060
235,2.815250,101.512116,LANGAT,10/1/2014,2014,III,0.356,0.087,0.084,0.001,0.300,0.078
236,2.855566,101.681266,LANGAT,10/1/2014,2014,III,0.380,0.109,0.099,0.019,0.587,0.091
237,2.992033,101.785800,LANGAT,10/1/2014,2014,III,0.404,0.174,0.163,0.016,0.607,0.093
238,3.041000,101.773133,LANGAT,10/1/2014,2014,III,0.248,0.239,0.215,0.013,0.594,0.094
239,2.888283,101.828900,PAJAM,10/1/2014,2014,III,0.424,0.152,0.147,0.008,0.607,0.180
240,2.801816,101.791466,BATANG NILAI,10/1/2014,2014,III,0.392,0.283,0.246,0.002,0.610,0.738
241,2.777683,101.751983,JIJAN,10/1/2014,2014,II,0.586,0.065,0.070,0.012,0.538,0.024
242,2.777683,101.751983,JIJAN,6/2/2014,2014,II,0.591,0.043,0.066,0.001,0.726,0.047
243,2.801816,101.791466,BATANG NILAI,6/2/2014,2014,III,0.578,0.348,0.293,0.004,0.745,0.828
244,2.815250,101.512116,LANGAT,6/2/2014,2014,III,0.308,0.109,0.100,0.013,0.591,0.063
245,2.855566,101.681266,LANGAT,6/2/2014,2014,III,0.347,0.261,0.221,0.037,0.731,0.137
246,2.855566,101.681266,LANGAT,5/2/2014,2014,III,0.487,0.109,0.134,0.004,0.648,0.267
247,2.888283,101.828900,PAJAM,6/2/2014,2014,III,0.616,0.174,0.143,0.002,0.672,0.221
248,2.992033,101.785800,LANGAT,6/2/2014,2014,III,0.250,0.239,0.202,0.008,0.667,0.419
249,3.008816,101.868916,SEMENYIH,6/2/2014,2014,II,0.593,0.087,0.090,0.007,0.715,0.021
250,3.041000,101.773133,LANGAT,6/2/2014,2014,III,0.273,0.239,0.197,0.012,0.648,0.408
251,3.111283,101.816816,LANGAT,5/2/2014,2014,I,0.687,0.022,0.053,0.001,0.694,0.004
252,3.167400,101.850566,LANGAT,5/2/2014,2014,II,0.638,0.043,0.046,0.000,0.708,0.014
253,3.173766,101.869250,LUI,5/2/2014,2014,I,0.662,0.043,0.021,0.000,0.690,0.005
254,2.815250,101.512116,LANGAT,8/3/2014,2014,III,0.312,0.130,0.102,0.029,0.586,0.008
255,2.855566,101.681266,LANGAT,8/3/2014,2014,III,0.187,0.283,0.227,0.011,0.669,0.022
256,2.855566,101.681266,LANGAT,6/3/2014,2014,II,0.505,0.196,0.156,0.007,0.795,0.006
257,2.992033,101.785800,LANGAT,6/3/2014,2014,IV,0.148,0.565,0.496,0.031,0.697,0.343
258,3.041000,101.773133,LANGAT,6/3/2014,2014,IV,0.352,0.348,0.317,0.020,0.665,0.343
259,2.888283,101.828900,PAJAM,6/3/2014,2014,III,0.585,0.217,0.226,0.012,0.775,0.037
260,2.801816,101.791466,BATANG NILAI,6/3/2014,2014,III,0.576,0.348,0.404,0.003,0.813,0.660
261,2.815250,101.512116,LANGAT,6/4/2014,2014,III,0.447,0.065,0.088,0.025,0.468,0.041
262,2.855566,101.681266,LANGAT,6/4/2014,2014,III,0.537,0.174,0.112,0.016,0.548,0.083
263,2.992033,101.785800,LANGAT,2/4/2014,2014,III,0.299,0.261,0.171,0.021,0.628,0.168
264,3.167400,101.850566,LANGAT,2/4/2014,2014,II,0.668,0.109,0.080,0.001,0.601,0.003
265,3.008816,101.868916,SEMENYIH,3/4/2014,2014,II,0.586,0.130,0.096,0.006,0.603,0.003
266,3.173766,101.869250,LUI,2/4/2014,2014,I,0.660,0.043,0.055,0.001,0.596,0.001
267,3.041000,101.773133,LANGAT,2/4/2014,2014,III,0.347,0.239,0.185,0.018,0.564,0.158
268,3.111283,101.816816,LANGAT,2/4/2014,2014,II,0.682,0.087,0.071,0.004,0.632,0.007
269,2.888283,101.828900,PAJAM,6/4/2014,2014,III,0.509,0.130,0.094,0.024,0.573,0.137
270,2.801816,101.791466,BATANG NILAI,6/4/2014,2014,III,0.562,0.261,0.185,0.001,0.562,0.626
271,2.777683,101.751983,JIJAN,6/4/2014,2014,II,0.655,0.065,0.070,0.036,0.598,0.016
272,2.815250,101.512116,LANGAT,9/5/2014,2014,III,0.380,0.109,0.087,0.001,0.174,0.084
273,2.855566,101.681266,LANGAT,9/5/2014,2014,III,0.300,0.109,0.080,0.019,0.550,0.039
274,2.855566,101.681266,LANGAT,9/5/2014,2014,III,0.416,0.174,0.132,0.036,0.566,0.036
275,2.992033,101.785800,LANGAT,7/5/2014,2014,III,0.266,0.326,0.252,0.008,0.538,0.231
276,2.892483,101.083600,SEMENYIH,7/5/2014,2014,III,0.418,0.174,0.146,0.020,0.587,0.010
277,3.041000,101.773133,LANGAT,7/5/2014,2014,IV,0.238,0.348,0.306,0.012,0.523,0.155
278,2.888283,101.828900,PAJAM,7/5/2014,2014,III,0.458,0.283,0.226,0.074,0.573,0.122
279,2.801816,101.791466,BATANG NILAI,7/5/2014,2014,III,0.599,0.500,0.322,0.002,0.625,0.284
280,2.787183,101.750766,BATANG LABU,7/5/2014,2014,III,0.437,0.196,0.165,0.017,0.621,0.029
281,2.855566,101.681266,LANGAT,6/6/2014,2014,III,0.351,0.130,0.100,0.020,0.580,0.072
282,2.855566,101.681266,LANGAT,6/6/2014,2014,III,0.498,0.348,0.277,0.025,0.575,0.060
283,2.992033,101.785800,LANGAT,6/6/2014,2014,III,0.508,0.239,0.207,0.016,0.635,0.105
284,3.041000,101.773133,LANGAT,6/6/2014,2014,III,0.507,0.326,0.241,0.038,0.557,0.167
285,2.888283,101.828900,PAJAM,4/6/2014,2014,III,0.517,0.109,0.080,0.007,0.562,0.167
286,2.801816,101.791466,BATANG NILAI,4/6/2014,2014,III,0.513,0.130,0.154,0.003,0.589,0.264
287,2.864966,101.437483,LANGAT,4/7/2014,2014,II,0.432,0.196,0.149,0.015,0.500,0.001
288,2.815250,101.512116,LANGAT,4/7/2014,2014,III,0.263,0.196,0.161,0.013,0.598,0.000
289,2.855566,101.681266,LANGAT,4/7/2014,2014,III,0.472,0.174,0.144,0.012,0.612,0.147
290,2.992033,101.785800,LANGAT,4/7/2014,2014,IV,0.241,0.348,0.293,0.010,0.548,0.264
291,3.167400,101.850566,LANGAT,4/7/2014,2014,II,0.739,0.109,0.076,0.000,0.621,0.004
292,2.892483,101.083600,SEMENYIH,7/7/2014,2014,III,0.382,0.174,0.149,0.012,0.635,0.059
293,3.008816,101.868916,SEMENYIH,4/7/2014,2014,II,0.540,0.174,0.143,0.015,0.586,0.001
294,3.173766,101.869250,LUI,4/7/2014,2014,II,0.663,0.065,0.061,0.001,0.596,0.003
295,3.041000,101.773133,LANGAT,4/7/2014,2014,III,0.455,0.370,0.298,0.009,0.564,0.261
296,3.111283,101.816816,LANGAT,4/7/2014,2014,II,0.669,0.087,0.071,0.001,0.641,0.017
297,2.888283,101.828900,PAJAM,4/7/2014,2014,III,0.518,0.196,0.131,0.009,0.562,0.063
298,2.801816,101.791466,BATANG NILAI,4/7/2014,2014,III,0.676,0.283,0.205,0.006,0.614,0.470
299,2.777683,101.751983,JIJAN,4/7/2014,2014,II,0.508,0.130,0.090,0.009,0.660,0.090
300,2.787183,101.750766,BATANG LABU,7/7/2014,2014,III,0.380,0.239,0.192,0.012,0.674,0.121
301,2.855566,101.681266,LANGAT,7/8/2014,2014,III,0.291,0.087,0.075,0.014,0.642,0.073
302,2.855566,101.681266,LANGAT,7/8/2014,2014,III,0.422,0.152,0.112,0.011,0.623,0.393
303,2.992033,101.785800,LANGAT,7/8/2014,2014,III,0.252,0.239,0.164,0.014,0.506,0.288
304,3.041000,101.773133,LANGAT,7/8/2014,2014,III,0.417,0.413,0.325,0.015,0.539,0.286
305,2.888283,101.828900,PAJAM,7/8/2014,2014,III,0.447,0.391,0.278,0.017,0.596,0.093
306,2.801816,101.791466,BATANG NILAI,7/8/2014,2014,III,0.415,0.196,0.143,0.006,0.598,0.337
307,2.864966,101.437483,LANGAT,7/9/2014,2014,III,0.383,0.152,0.207,0.006,0.552,0.014
308,2.815250,101.512116,LANGAT,7/9/2014,2014,III,0.335,0.152,0.198,0.015,0.554,0.101
309,2.855566,101.681266,LANGAT,7/9/2014,2014,III,0.473,0.152,0.170,0.004,0.561,0.199
310,3.041000,101.773133,LANGAT,4/9/2014,2014,IV,0.338,0.391,0.457,0.012,0.598,0.193
311,2.992033,101.785800,LANGAT,4/9/2014,2014,III,0.385,0.261,0.278,0.010,0.621,0.224
312,2.888283,101.828900,PAJAM,4/9/2014,2014,III,0.560,0.739,0.678,0.017,0.664,0.153
313,2.801816,101.791466,BATANG NILAI,7/9/2014,2014,III,0.572,0.196,0.278,0.001,0.669,0.497
314,2.815250,101.512116,LANGAT,10/10/2014,2014,III,0.462,0.152,0.167,0.028,0.518,0.105
315,2.855566,101.681266,LANGAT,10/10/2014,2014,III,0.473,0.130,0.143,0.011,0.582,0.138
316,2.992033,101.785800,LANGAT,10/10/2014,2014,III,0.317,0.217,0.228,0.011,0.605,0.137
317,3.167400,101.850566,LANGAT,10/10/2014,2014,II,0.764,0.065,0.060,0.001,0.649,0.002
318,2.892483,101.083600,SEMENYIH,10/10/2014,2014,III,0.438,0.152,0.170,0.044,0.571,0.007
319,3.008816,101.868916,SEMENYIH,10/10/2014,2014,II,0.611,0.152,0.125,0.021,0.621,0.007
320,3.173766,101.869250,LUI,10/10/2014,2014,II,0.669,0.065,0.059,0.003,0.614,0.002
321,3.041000,101.773133,LANGAT,10/10/2014,2014,III,0.491,0.174,0.207,0.012,0.587,0.126
322,3.111283,101.816816,LANGAT,10/10/2014,2014,II,0.692,0.065,0.056,0.007,0.713,0.007
323,2.888283,101.828900,PAJAM,9/10/2014,2014,III,0.478,0.109,0.145,0.016,0.577,0.483
324,2.801816,101.791466,BATANG NILAI,9/10/2014,2014,III,0.735,0.130,0.131,0.001,0.587,0.473
325,2.777683,101.751983,JIJAN,9/10/2014,2014,II,0.562,0.087,0.073,0.003,0.463,0.065
326,2.787183,101.750766,BATANG LABU,10/10/2014,2014,III,0.455,0.087,0.112,0.007,0.550,0.088
327,2.864966,101.437483,LANGAT,3/11/2014,2014,II,0.355,0.065,0.057,0.001,0.562,0.072
328,2.815250,101.512116,LANGAT,3/11/2014,2014,III,0.406,0.130,0.085,0.003,0.509,0.072
329,2.855566,101.681266,LANGAT,3/11/2014,2014,III,0.492,0.130,0.109,0.014,0.444,0.089
330,2.992033,101.785800,LANGAT,3/11/2014,2014,III,0.449,0.130,0.112,0.013,0.619,0.129
331,2.892483,101.083600,SEMENYIH,3/11/2014,2014,III,0.462,0.130,0.092,0.016,0.460,0.056
332,3.041000,101.773133,LANGAT,3/11/2014,2014,III,0.429,0.130,0.134,0.015,0.609,0.127
333,2.888283,101.828900,PAJAM,3/11/2014,2014,III,0.550,0.130,0.120,0.031,0.587,0.119
334,2.801816,101.791466,BATANG NILAI,3/11/2014,2014,I,0.511,0.217,0.186,0.035,0.541,0.272
335,2.787183,101.750766,BATANG LABU,3/11/2014,2014,III,0.462,0.217,0.159,0.010,0.490,0.053
336,2.815250,101.512116,LANGAT,4/12/2014,2014,III,0.324,0.130,0.087,0.009,0.062,0.104
337,2.855566,101.681266,LANGAT,4/12/2014,2014,III,0.525,0.130,0.100,0.027,0.513,0.069
338,2.992033,101.785800,LANGAT,4/12/2014,2014,II,0.570,0.087,0.080,0.019,0.617,0.078
339,3.041000,101.773133,LANGAT,4/12/2014,2014,II,0.568,0.065,0.060,0.020,0.649,0.077
340,2.888283,101.828900,PAJAM,4/12/2014,2014,III,0.537,0.087,0.081,0.016,0.586,0.175
341,2.801816,101.791466,BATANG NILAI,4/12/2014,2014,III,0.452,0.174,0.216,0.013,0.586,0.059
342,2.864966,101.437483,LANGAT,7/1/2015,2015,III,0.525,0.196,0.190,0.042,0.397,0.084
343,2.815250,101.512116,LANGAT,9/1/2015,2015,II,0.418,0.065,0.064,0.001,0.426,0.039
344,2.855566,101.681266,LANGAT,7/1/2015,2015,III,0.600,0.130,0.113,0.017,0.575,0.081
345,2.992033,101.785800,LANGAT,7/1/2015,2015,II,0.714,0.152,0.119,0.010,0.644,0.097
346,3.041000,101.773133,LANGAT,7/1/2015,2015,II,0.719,0.065,0.063,0.010,0.637,0.101
347,2.888283,101.828900,PAJAM,7/1/2015,2015,II,0.834,0.043,0.035,0.025,0.678,0.111
348,2.801816,101.791466,BATANG NILAI,7/1/2015,2015,IV,0.792,0.630,0.581,0.045,0.662,0.246
349,2.864966,101.437483,LANGAT,4/3/2015,2015,III,0.366,0.109,0.052,0.016,0.587,0.044
350,2.815250,101.512116,LANGAT,4/3/2015,2015,III,0.415,0.152,0.076,0.029,0.646,0.006
351,2.855566,101.681266,LANGAT,4/3/2015,2015,III,0.446,0.130,0.082,0.005,0.642,0.132
352,2.992033,101.785800,LANGAT,4/3/2015,2015,III,0.218,0.109,0.125,0.012,0.586,0.296
353,3.041000,101.773133,LANGAT,4/3/2015,2015,IV,0.220,0.348,0.277,0.038,0.582,0.293
354,2.888283,101.828900,PAJAM,4/3/2015,2015,III,0.565,0.348,0.240,0.046,0.646,0.094
355,2.801816,101.791466,BATANG NILAI,4/3/2015,2015,III,0.463,0.413,0.313,0.001,0.658,0.507
356,2.855566,101.681266,LANGAT,5/4/2015,2015,III,0.285,0.174,0.216,0.021,0.570,0.084
357,2.855566,101.681266,LANGAT,5/4/2015,2015,III,0.358,0.130,0.125,0.001,0.550,0.085
358,2.992033,101.785800,LANGAT,5/4/2015,2015,IV,0.191,0.348,0.362,0.009,0.578,0.140
359,2.892483,101.083600,SEMENYIH,5/4/2015,2015,III,0.319,0.152,0.179,0.028,0.557,0.042
360,3.041000,101.773133,LANGAT,5/4/2015,2015,IV,0.215,0.391,0.289,0.005,0.596,0.151
361,2.888283,101.828900,PAJAM,5/4/2015,2015,III,0.451,0.196,0.198,0.017,0.641,0.077
362,2.801816,101.791466,BATANG NILAI,5/4/2015,2015,IV,0.286,0.913,1.000,0.051,0.628,0.274
363,2.787183,101.750766,BATANG LABU,5/4/2015,2015,III,0.333,0.174,0.185,0.005,0.598,0.203
364,2.864966,101.437483,LANGAT,8/5/2015,2015,III,0.258,0.217,0.173,0.068,0.516,0.004
365,2.815250,101.512116,LANGAT,8/5/2015,2015,III,0.326,0.152,0.082,0.027,0.589,0.097
366,2.855566,101.681266,LANGAT,8/5/2015,2015,III,0.481,0.109,0.082,0.025,0.601,0.124
367,2.992033,101.785800,LANGAT,8/5/2015,2015,III,0.261,0.283,0.228,0.009,0.641,0.171
368,3.167400,101.850566,LANGAT,8/5/2015,2015,II,0.653,0.065,0.052,0.001,0.704,0.016
369,3.008816,101.868916,SEMENYIH,8/5/2015,2015,III,0.569,0.196,0.240,0.032,0.687,0.001
370,3.173766,101.869250,LUI,8/5/2015,2015,I,0.653,0.065,0.040,0.001,0.683,0.000
371,3.041000,101.773133,LANGAT,8/5/2015,2015,III,0.302,0.283,0.204,0.008,0.593,0.181
372,3.111283,101.816816,LANGAT,8/5/2015,2015,II,0.646,0.065,0.058,0.005,0.729,0.001
373,2.888283,101.828900,PAJAM,8/5/2015,2015,II,0.459,0.087,0.052,0.010,0.625,0.066
374,2.801816,101.791466,BATANG NILAI,8/5/2015,2015,III,0.526,0.174,0.191,0.005,0.648,0.329
375,2.777683,101.751983,JIJAN,8/5/2015,2015,II,0.560,0.065,0.052,0.015,0.655,0.014
376,2.855566,101.681266,LANGAT,12/6/2015,2015,III,0.389,0.239,0.246,0.003,0.531,0.149
377,2.855566,101.681266,LANGAT,12/6/2015,2015,III,0.387,0.174,0.137,0.020,0.609,0.157
378,2.992033,101.785800,LANGAT,12/6/2015,2015,IV,0.228,0.457,0.319,0.063,0.591,0.130
379,2.892483,101.083600,SEMENYIH,4/6/2015,2015,II,0.473,0.065,0.052,0.053,0.589,0.046
380,3.041000,101.773133,LANGAT,12/6/2015,2015,III,0.330,0.196,0.204,0.048,0.713,0.111
381,2.888283,101.828900,PAJAM,12/6/2015,2015,III,0.392,0.217,0.216,0.070,0.632,0.142
382,2.801816,101.791466,BATANG NILAI,12/6/2015,2015,III,0.341,0.065,0.064,0.002,0.664,0.172
383,2.787183,101.750766,BATANG LABU,4/6/2015,2015,II,0.469,0.109,0.082,0.006,0.587,0.047
384,2.864966,101.437483,LANGAT,1/7/2015,2015,III,0.400,0.239,0.283,0.012,0.632,0.110
385,2.815250,101.512116,LANGAT,1/7/2015,2015,IV,0.222,0.391,0.380,0.044,0.561,0.255
386,2.855566,101.681266,LANGAT,1/7/2015,2015,III,0.333,0.109,0.155,0.007,0.612,0.305
387,2.992033,101.785800,LANGAT,1/7/2015,2015,IV,0.227,0.261,0.222,0.015,0.641,0.455
388,3.041000,101.773133,LANGAT,1/7/2015,2015,IV,0.173,0.261,0.198,0.015,0.593,0.479
389,2.888283,101.828900,PAJAM,1/7/2015,2015,II,0.520,0.087,0.119,0.028,0.706,0.005
390,2.801816,101.791466,BATANG NILAI,1/7/2015,2015,III,0.564,0.196,0.258,0.001,0.706,0.221
391,2.855566,101.681266,LANGAT,4/2/2015,2015,III,0.261,0.174,0.195,0.016,0.215,0.115
392,2.855566,101.681266,LANGAT,4/2/2015,2015,III,0.447,0.087,0.082,0.005,0.523,0.216
393,2.992033,101.785800,LANGAT,4/2/2015,2015,III,0.375,0.130,0.175,0.009,0.557,0.264
394,3.167400,101.850566,LANGAT,4/2/2015,2015,I,0.731,0.043,0.063,0.000,0.617,0.007
395,3.008816,101.868916,SEMENYIH,4/2/2015,2015,II,0.737,0.043,0.078,0.005,0.596,0.011
396,3.173766,101.869250,LUI,4/2/2015,2015,II,0.722,0.065,0.110,0.000,0.582,0.001
397,3.041000,101.773133,LANGAT,4/2/2015,2015,III,0.315,0.109,0.080,0.010,0.552,0.273
398,3.111283,101.816816,LANGAT,4/2/2015,2015,II,0.707,0.043,0.033,0.003,0.605,0.011
399,2.888283,101.828900,PAJAM,4/2/2015,2015,III,0.534,0.065,0.133,0.016,0.591,0.130
400,2.801816,101.791466,BATANG NILAI,4/2/2015,2015,III,0.536,0.283,0.195,0.000,0.655,0.815
401,2.777683,101.751983,JIJAN,4/2/2015,2015,II,0.553,0.022,0.031,0.000,0.500,0.053
402,2.815250,101.512116,LANGAT,5/8/2015,2015,III,0.528,0.196,0.167,0.013,0.580,0.232
403,2.855566,101.681266,LANGAT,7/8/2015,2015,III,0.529,0.109,0.100,0.009,0.641,0.153
404,2.992033,101.785800,LANGAT,5/8/2015,2015,III,0.491,0.152,0.362,0.012,0.639,0.226
405,3.167400,101.850566,LANGAT,5/8/2015,2015,II,0.668,0.043,0.076,0.000,0.713,0.001
406,2.892483,101.083600,SEMENYIH,7/8/2015,2015,III,0.393,0.087,0.088,0.028,0.642,0.017
407,3.008816,101.868916,SEMENYIH,5/8/2015,2015,II,0.561,0.174,0.234,0.016,0.637,0.003
408,3.173766,101.869250,LUI,5/8/2015,2015,I,0.634,0.022,0.040,0.000,0.669,0.000
409,3.041000,101.773133,LANGAT,5/8/2015,2015,III,0.570,0.457,0.422,0.008,0.573,0.212
410,3.111283,101.816816,LANGAT,5/8/2015,2015,II,0.896,0.043,0.082,0.000,0.743,0.002
411,2.888283,101.828900,PAJAM,5/8/2015,2015,III,0.508,0.152,0.119,0.009,0.619,0.141
412,2.801816,101.791466,BATANG NILAI,5/8/2015,2015,III,0.485,0.370,0.422,0.003,0.804,0.635
413,2.777683,101.751983,JIJAN,5/8/2015,2015,II,0.551,0.130,0.106,0.002,0.770,0.041
414,2.787183,101.750766,BATANG LABU,7/8/2015,2015,II,0.684,0.065,0.076,0.004,0.672,0.147
415,2.864966,101.437483,LANGAT,7/9/2015,2015,II,0.513,0.130,0.157,0.002,0.578,0.056
416,2.815250,101.512116,LANGAT,7/9/2015,2015,III,0.188,0.109,0.119,0.009,0.633,0.035
417,2.855566,101.681266,LANGAT,7/9/2015,2015,III,0.398,0.087,0.083,0.009,0.667,0.211
418,2.992033,101.785800,LANGAT,7/9/2015,2015,III,0.279,0.087,0.078,0.013,0.619,0.297
419,3.041000,101.773133,LANGAT,7/9/2015,2015,III,0.267,0.152,0.092,0.009,0.674,0.285
420,2.888283,101.828900,PAJAM,7/9/2015,2015,III,0.423,0.087,0.070,0.013,0.662,0.124
421,2.801816,101.791466,BATANG NILAI,7/9/2015,2015,III,0.439,0.261,0.230,0.004,0.692,0.632
422,2.815250,101.512116,LANGAT,8/10/2015,2015,III,0.279,0.174,0.216,0.026,0.543,0.008
423,2.855566,101.681266,LANGAT,7/10/2015,2015,III,0.279,0.130,0.175,0.026,0.587,0.159
424,2.992033,101.785800,LANGAT,8/10/2015,2015,III,0.305,0.457,0.289,0.009,0.626,0.016
425,2.892483,101.083600,SEMENYIH,8/10/2015,2015,III,0.363,0.130,0.119,0.029,0.651,0.002
426,3.041000,101.773133,LANGAT,8/10/2015,2015,III,0.321,0.130,0.092,0.016,0.612,0.016
427,2.888283,101.828900,PAJAM,7/10/2015,2015,III,0.342,0.152,0.201,0.029,0.575,0.413
428,2.801816,101.791466,BATANG NILAI,9/10/2015,2015,II,0.599,0.109,0.163,0.009,0.639,0.023
429,2.787183,101.750766,BATANG LABU,8/10/2015,2015,II,0.463,0.130,0.102,0.007,0.596,0.000
430,2.864966,101.437483,LANGAT,6/11/2015,2015,II,0.396,0.152,0.214,0.000,0.353,0.002
431,2.855566,101.681266,LANGAT,6/11/2015,2015,III,0.352,0.130,0.143,0.000,0.238,0.003
432,2.855566,101.681266,LANGAT,4/11/2015,2015,III,0.537,0.217,0.187,0.041,0.671,0.002
433,2.992033,101.785800,LANGAT,4/11/2015,2015,II,0.561,0.196,0.157,0.012,0.623,0.002
434,3.167400,101.850566,LANGAT,4/11/2015,2015,II,0.715,0.217,0.148,0.002,0.717,0.002
435,3.008816,101.868916,SEMENYIH,4/11/2015,2015,II,0.667,0.174,0.178,0.042,0.671,0.003
436,3.173766,101.869250,LUI,4/11/2015,2015,II,0.667,0.239,0.185,0.017,0.678,0.001
437,3.041000,101.773133,LANGAT,4/11/2015,2015,II,0.612,0.217,0.240,0.014,0.653,0.000
438,3.111283,101.816816,LANGAT,4/11/2015,2015,II,0.659,0.174,0.176,0.010,0.722,0.000
439,2.888283,101.828900,PAJAM,4/11/2015,2015,III,0.529,0.217,0.241,0.059,0.651,0.045
440,2.801816,101.791466,BATANG NILAI,4/11/2015,2015,IV,0.422,0.720,0.450,0.004,0.665,0.242
441,2.777683,101.751983,JIJAN,4/11/2015,2015,II,0.581,0.174,0.167,0.009,0.696,0.008
442,2.855566,101.681266,LANGAT,1/12/2015,2015,II,0.402,0.109,0.138,0.021,0.552,0.000
443,2.855566,101.681266,LANGAT,1/12/2015,2015,III,0.484,0.109,0.108,0.032,0.587,0.030
444,2.992033,101.785800,LANGAT,1/12/2015,2015,II,0.518,0.109,0.105,0.009,0.729,0.007
445,3.041000,101.773133,LANGAT,1/12/2015,2015,II,0.609,0.109,0.110,0.005,0.708,0.008
446,2.888283,101.828900,PAJAM,1/12/2015,2015,II,0.512,0.087,0.085,0.010,0.735,0.007
447,2.801816,101.791466,BATANG NILAI,1/12/2015,2015,III,0.590,0.065,0.060,0.003,0.708,0.014
448,2.864966,101.437483,LANGAT,7/1/2016,2016,III,0.407,0.326,0.218,0.004,0.550,0.147
449,2.815250,101.512116,LANGAT,7/1/2016,2016,III,0.427,0.283,0.253,0.046,0.667,0.247
450,2.855566,101.681266,LANGAT,7/1/2016,2016,III,0.292,0.109,0.162,0.015,0.616,0.304
451,2.992033,101.785800,LANGAT,7/1/2016,2016,III,0.288,0.109,0.087,0.011,0.692,0.351
452,3.041000,101.773133,LANGAT,7/1/2016,2016,III,0.412,0.109,0.112,0.008,0.639,0.335
453,2.888283,101.828900,PAJAM,7/1/2016,2016,III,0.491,0.087,0.150,0.009,0.711,0.236
454,2.801816,101.791466,BATANG NILAI,7/1/2016,2016,III,0.383,0.217,0.319,0.003,0.692,0.710
455,02 53 694,101 41 044,CHUAU,17/1/2016,2016,II,0.579,0.087,0.064,0.001,0.662,0.013
456,2.970100,101.693533,CHUAU,17/1/2016,2016,III,0.285,0.109,0.070,0.003,0.687,0.020
457,2.976150,101.701750,ANAK CHUAU,17/1/2016,2016,III,0.212,0.130,0.088,0.007,0.681,0.292
458,2.855566,101.681266,LANGAT,3/2/2016,2016,III,0.310,0.174,0.198,0.018,0.564,0.033
459,2.855566,101.681266,LANGAT,3/2/2016,2016,III,0.421,0.174,0.198,0.004,0.607,0.204
460,2.992033,101.785800,LANGAT,3/2/2016,2016,III,0.258,0.196,0.277,0.005,0.617,0.453
461,3.167400,101.850566,LANGAT,4/2/2016,2016,II,0.765,0.152,0.125,0.000,0.667,0.010
462,3.008816,101.868916,SEMENYIH,4/2/2016,2016,II,0.656,0.217,0.198,0.017,0.694,0.001
463,3.173766,101.869250,LUI,4/2/2016,2016,II,0.719,0.152,0.167,0.000,0.697,0.000
464,3.041000,101.773133,LANGAT,3/2/2016,2016,III,0.327,0.304,0.252,0.007,0.598,0.428
465,3.111283,101.816816,LANGAT,4/2/2016,2016,II,0.708,0.130,0.106,0.001,0.621,0.007
466,2.888283,101.828900,PAJAM,3/2/2016,2016,III,0.589,0.217,0.161,0.006,0.658,0.099
467,2.801816,101.791466,BATANG NILAI,3/2/2016,2016,IV,0.400,0.717,0.447,0.004,0.601,0.329
468,2.777683,101.751983,JIJAN,3/2/2016,2016,III,0.605,0.130,0.137,0.003,0.646,0.186
469,2.864966,101.437483,LANGAT,3/3/2016,2016,III,0.430,0.130,0.149,0.004,0.550,0.133
470,2.815250,101.512116,LANGAT,3/3/2016,2016,III,0.153,0.109,0.088,0.013,0.715,0.177
471,2.855566,101.681266,LANGAT,3/3/2016,2016,III,0.514,0.065,0.046,0.006,0.740,0.429
472,2.992033,101.785800,LANGAT,3/3/2016,2016,III,0.348,0.217,0.149,0.017,0.587,0.432
473,3.041000,101.773133,LANGAT,3/3/2016,2016,III,0.294,0.174,0.131,0.019,0.724,0.457
474,2.888283,101.828900,PAJAM,3/3/2016,2016,II,0.614,0.152,0.112,0.001,0.601,0.100
475,2.801816,101.791466,BATANG NILAI,3/3/2016,2016,III,0.779,0.152,0.112,0.004,0.623,0.904
476,2.815250,101.512116,LANGAT,6/4/2016,2016,III,0.366,0.130,0.106,0.025,0.633,0.023
477,2.855566,101.681266,LANGAT,6/4/2016,2016,II,0.532,0.109,0.094,0.013,0.623,0.015
478,2.992033,101.785800,LANGAT,6/4/2016,2016,III,0.403,0.174,0.149,0.017,0.690,0.017
479,2.892483,101.083600,SEMENYIH,6/4/2016,2016,II,0.489,0.109,0.119,0.026,0.605,0.015
480,3.041000,101.773133,LANGAT,6/4/2016,2016,III,0.398,0.130,0.094,0.017,0.681,0.018
481,2.888283,101.828900,PAJAM,6/4/2016,2016,II,0.571,0.196,0.125,0.025,0.708,0.018
482,2.801816,101.791466,BATANG NILAI,6/4/2016,2016,III,0.542,0.283,0.210,0.011,0.722,0.227
483,2.787183,101.750766,BATANG LABU,6/4/2016,2016,III,0.458,0.239,0.198,0.015,0.587,0.016
484,2.864966,101.437483,LANGAT,5/5/2016,2016,III,0.318,0.152,0.112,0.025,0.593,0.028
485,2.815250,101.512116,LANGAT,5/5/2016,2016,IV,0.178,0.348,0.277,0.091,0.596,0.037
486,2.855566,101.681266,LANGAT,5/5/2016,2016,III,0.407,0.196,0.125,0.025,0.625,0.036
487,2.992033,101.785800,LANGAT,5/5/2016,2016,III,0.361,0.326,0.258,0.045,0.630,0.096
488,3.167400,101.850566,LANGAT,8/5/2016,2016,II,0.703,0.043,0.021,0.003,0.720,0.005
489,3.008816,101.868916,SEMENYIH,8/5/2016,2016,III,0.576,0.239,0.173,0.136,0.646,0.009
490,3.173766,101.869250,LUI,8/5/2016,2016,II,0.613,0.087,0.070,0.003,0.676,0.005
491,3.041000,101.773133,LANGAT,5/5/2016,2016,III,0.318,0.413,0.277,0.028,0.623,0.021
492,3.111283,101.816816,LANGAT,8/5/2016,2016,II,0.612,0.174,0.137,0.012,0.729,0.018
493,2.888283,101.828900,PAJAM,8/5/2016,2016,III,0.493,0.174,0.143,0.038,0.614,0.059
494,2.801816,101.791466,BATANG NILAI,8/5/2016,2016,IV,0.423,0.674,0.404,0.035,0.671,0.123
495,2.777683,101.751983,JIJAN,8/5/2016,2016,III,0.415,0.109,0.082,0.027,0.642,0.033
496,02 48 922,101 30 800,LANGAT,8/6/2016,2016,IV,0.213,0.304,0.258,0.037,0.401,0.063
497,02 51 267,101 40 877,LANGAT,8/6/2016,2016,III,0.427,0.196,0.119,0.160,0.584,0.018
498,02 59 641,101 47 065,LANGAT,8/6/2016,2016,III,0.373,0.370,0.271,0.081,0.623,0.034
499,2.892483,101.083600,SEMENYIH,8/6/2016,2016,III,0.385,0.130,0.112,0.093,0.552,0.001
500,3.041000,101.773133,LANGAT,8/6/2016,2016,III,0.398,0.391,0.337,0.089,0.598,0.037
501,2.877183,101.839816,PAJAM,8/6/2016,2016,II,0.507,0.304,0.191,0.015,0.633,0.001
502,2.801833,101.791500,BATANG NILAI,8/6/2016,2016,III,0.476,0.413,0.386,0.011,0.655,0.101
503,2.786900,101.701650,BATANG LABU,8/6/2016,2016,II,0.482,0.087,0.088,0.035,0.566,0.001
504,2.864966,101.437483,LANGAT,1/7/2016,2016,III,0.330,0.326,0.258,0.003,0.571,0.046
505,2.815250,101.512116,LANGAT,1/7/2016,2016,III,0.408,0.326,0.234,0.017,0.664,0.000
506,2.855566,101.681266,LANGAT,1/7/2016,2016,III,0.406,0.283,0.179,0.005,0.665,0.000
507,2.992033,101.785800,LANGAT,1/7/2016,2016,IV,0.252,0.500,0.435,0.006,0.635,0.129
508,3.041000,101.773133,LANGAT,1/7/2016,2016,IV,0.464,0.435,0.465,0.008,0.648,0.137
509,2.888283,101.828900,PAJAM,1/7/2016,2016,II,0.564,0.326,0.246,0.003,0.671,0.004
510,2.801816,101.791466,BATANG NILAI,1/7/2016,2016,III,0.568,0.348,0.198,0.003,0.669,0.036
511,2.855566,101.681266,LANGAT,5/8/2016,2016,IV,0.132,0.196,0.204,0.029,0.621,0.154
512,2.855566,101.681266,LANGAT,5/8/2016,2016,III,0.373,0.239,0.277,0.018,0.649,0.304
513,2.992033,101.785800,LANGAT,5/8/2016,2016,IV,0.144,0.717,0.477,0.033,0.724,0.279
514,3.167400,101.850566,LANGAT,5/8/2016,2016,II,0.620,0.217,0.246,0.004,0.584,0.004
515,2.892483,101.083600,SEMENYIH,5/8/2016,2016,III,0.422,0.174,0.185,0.041,0.711,0.050
516,3.008816,101.868916,SEMENYIH,5/8/2016,2016,III,0.576,0.152,0.228,0.071,0.717,0.023
517,3.173766,101.869250,LUI,5/8/2016,2016,II,0.667,0.130,0.167,0.000,0.692,0.003
518,3.041000,101.773133,LANGAT,5/8/2016,2016,IV,0.386,0.500,0.471,0.017,0.681,0.281
519,3.111283,101.816816,LANGAT,5/8/2016,2016,II,0.668,0.087,0.106,0.003,0.664,0.006
520,2.888283,101.828900,PAJAM,5/8/2016,2016,III,0.496,0.239,0.198,0.017,0.704,0.143
521,2.801816,101.791466,BATANG NILAI,5/8/2016,2016,III,0.440,0.109,0.143,0.007,0.632,0.719
522,2.777683,101.751983,JIJAN,5/8/2016,2016,II,0.610,0.109,0.125,0.000,0.684,0.081
523,2.786900,101.701650,BATANG LABU,18/8/2016,2016,III,0.687,0.174,0.198,0.054,0.598,0.235
524,2.864966,101.437483,LANGAT,2/9/2016,2016,III,0.210,0.152,0.155,0.080,0.623,0.185
525,2.815250,101.512116,LANGAT,8/9/2016,2016,III,0.304,0.261,0.198,0.029,0.621,0.178
526,2.855566,101.681266,LANGAT,8/9/2016,2016,III,0.442,0.152,0.149,0.104,0.696,0.148
527,2.992033,101.785800,LANGAT,2/9/2016,2016,III,0.500,0.370,0.258,0.110,0.703,0.050
528,3.041000,101.773133,LANGAT,2/9/2016,2016,III,0.477,0.174,0.149,0.035,0.649,0.037
529,2.888283,101.828900,PAJAM,2/9/2016,2016,III,0.454,0.174,0.216,0.107,0.703,0.031
530,2.801816,101.791466,BATANG NILAI,2/9/2016,2016,III,0.638,0.152,0.143,0.008,0.726,0.513
531,2.815250,101.512116,LANGAT,6/10/2016,2016,IV,0.106,0.304,0.283,0.047,0.509,0.170
532,2.855566,101.681266,LANGAT,6/10/2016,2016,III,0.310,0.174,0.161,0.029,0.564,0.304
533,2.992033,101.785800,LANGAT,6/10/2016,2016,IV,0.164,0.239,0.240,0.042,0.617,0.218
534,2.892483,101.083600,SEMENYIH,6/10/2016,2016,III,0.465,0.152,0.131,0.083,0.623,0.047
535,3.041000,101.773133,LANGAT,6/10/2016,2016,III,0.395,0.109,0.119,0.070,0.633,0.162
536,2.888283,101.828900,PAJAM,6/10/2016,2016,III,0.365,0.109,0.100,0.012,0.637,0.197
537,2.801816,101.791466,BATANG NILAI,6/10/2016,2016,III,0.533,0.174,0.173,0.016,0.637,0.535
538,2.787183,101.750766,BATANG LABU,6/10/2016,2016,III,0.405,0.152,0.119,0.034,0.555,0.106
539,2.864966,101.437483,LANGAT,4/11/2016,2016,III,0.366,0.239,0.246,0.090,0.442,0.032
540,2.855566,101.681266,LANGAT,4/11/2016,2016,III,0.335,0.109,0.100,0.035,0.323,0.192
541,2.855566,101.681266,LANGAT,4/11/2016,2016,III,0.485,0.087,0.070,0.125,0.609,0.093
542,2.992033,101.785800,LANGAT,4/11/2016,2016,III,0.344,0.196,0.143,0.028,0.733,0.084
543,3.167400,101.850566,LANGAT,4/11/2016,2016,II,0.627,0.065,0.027,0.006,0.672,0.002
544,3.008816,101.868916,SEMENYIH,8/11/2016,2016,II,0.671,0.087,0.070,0.057,0.711,0.029
545,3.173766,101.869250,LUI,4/11/2016,2016,II,0.646,0.043,0.027,0.005,0.711,0.004
546,3.041000,101.773133,LANGAT,4/11/2016,2016,III,0.579,0.152,0.088,0.182,0.736,0.082
547,3.111283,101.816816,LANGAT,4/11/2016,2016,II,0.612,0.043,0.033,0.030,0.726,0.012
548,2.888283,101.828900,PAJAM,4/11/2016,2016,III,0.289,0.152,0.125,0.004,0.685,0.188
549,2.801816,101.791466,BATANG NILAI,4/11/2016,2016,III,0.575,0.196,0.149,0.003,0.653,0.504
550,2.777683,101.751983,JIJAN,4/11/2016,2016,III,0.535,0.152,0.155,0.035,0.687,0.042
551,2.855566,101.681266,LANGAT,9/12/2016,2016,III,0.327,0.152,0.198,0.000,0.410,0.127
552,2.855566,101.681266,LANGAT,8/12/2016,2016,III,0.558,0.109,0.094,0.034,0.665,0.108
553,2.992033,101.785800,LANGAT,9/12/2016,2016,IV,0.243,0.370,0.264,0.075,0.678,0.074
554,3.041000,101.773133,LANGAT,9/12/2016,2016,III,0.573,0.239,0.191,0.085,0.706,0.068
555,2.888283,101.828900,PAJAM,8/12/2016,2016,III,0.412,0.065,0.052,0.038,0.658,0.093
556,2.801816,101.791466,BATANG NILAI,8/12/2016,2016,III,0.537,0.261,0.173,0.018,0.676,0.457
557,2.875933,101.451900,LANGAT,4/1/2017,2017,III,0.389,0.152,0.112,0.049,0.552,0.034
558,2.815383,101.513050,LANGAT,4/1/2017,2017,III,0.240,0.196,0.204,0.081,0.738,0.087
559,2.852083,101.679830,LANGAT,4/1/2017,2017,III,0.492,0.152,0.112,0.435,0.726,0.051
560,2.992283,101.785650,LANGAT,4/1/2017,2017,III,0.302,0.239,0.198,0.035,0.676,0.154
561,3.039850,101.773800,LANGAT,4/1/2017,2017,III,0.547,0.239,0.179,0.107,0.711,0.170
562,2.848033,101.824600,PAJAM,4/1/2017,2017,III,0.589,0.196,0.246,0.070,0.701,0.038
563,2.802000,101.791900,BATANG NILAI,4/1/2017,2017,III,0.593,0.152,0.173,0.065,0.743,0.112
564,2.855566,101.681266,LANGAT,7/2/2017,2017,III,0.365,0.283,0.234,0.017,0.330,0.096
565,2.855566,101.681266,LANGAT,7/2/2017,2017,III,0.464,0.217,0.264,0.093,0.573,0.108
566,2.992033,101.785800,LANGAT,7/2/2017,2017,III,0.378,0.261,0.331,0.078,0.596,0.154
567,3.167400,101.850560,LANGAT,7/2/2017,2017,II,0.770,0.087,0.119,0.008,0.708,0.001
568,3.008817,101.868916,SEMENYIH,7/2/2017,2017,III,0.675,0.196,0.228,0.043,0.641,0.019
569,3.173767,101.869250,LUI,7/2/2017,2017,II,0.696,0.152,0.210,0.012,0.630,0.002
570,3.041000,101.773130,LANGAT,7/2/2017,2017,III,0.613,0.261,0.271,0.100,0.614,0.097
571,3.111283,101.816816,LANGAT,7/2/2017,2017,II,0.707,0.174,0.216,0.011,0.660,0.008
572,2.888283,101.828900,PAJAM,7/2/2017,2017,III,0.482,0.239,0.264,0.067,0.612,0.165
573,2.801816,101.791466,BATANG NILAI,7/2/2017,2017,IV,0.368,0.304,0.325,0.030,0.580,0.354
574,2.777683,101.751983,JIJAN,7/2/2017,2017,III,0.588,0.413,0.453,0.539,0.522,0.022
575,2.864966,101.437483,LANGAT,3/3/2017,2017,III,0.430,0.174,0.167,0.044,0.550,0.029
576,2.815250,101.512116,LANGAT,3/3/2017,2017,III,0.153,0.109,0.149,0.030,0.715,0.119
577,2.855567,101.681266,LANGAT,3/3/2017,2017,III,0.514,0.087,0.100,0.045,0.740,0.141
578,2.992033,101.785800,LANGAT,3/3/2017,2017,III,0.348,0.130,0.094,0.051,0.587,0.155
579,3.041000,101.773130,LANGAT,3/3/2017,2017,III,0.294,0.130,0.112,0.083,0.724,0.095
580,2.888283,101.828900,PAJAM,3/3/2017,2017,III,0.614,0.109,0.112,0.014,0.601,0.194
581,2.801817,101.791467,BATANG NILAI,3/3/2017,2017,III,0.779,0.087,0.064,0.007,0.623,0.337
582,2.855567,101.681270,LANGAT,7/4/2017,2017,III,0.480,0.174,0.179,0.067,0.555,0.096
583,2.855567,101.681270,LANGAT,7/4/2017,2017,III,0.561,0.174,0.143,0.097,0.596,0.088
584,2.992033,101.785800,LANGAT,7/4/2017,2017,III,0.403,0.152,0.119,0.064,0.605,0.124
585,2.892483,101.083600,SEMENYIH,7/4/2017,2017,III,0.512,0.130,0.167,0.054,0.713,0.014
586,3.041000,101.773130,LANGAT,7/4/2017,2017,II,0.653,0.087,0.082,0.049,0.664,0.077
587,2.888283,101.828900,PAJAM,7/4/2017,2017,III,0.472,0.152,0.198,0.071,0.632,0.201
588,2.801817,101.791470,BATANG NILAI,7/4/2017,2017,IV,0.283,0.239,0.173,0.035,0.626,0.391
589,2.787183,101.750767,BATANG LABU,7/4/2017,2017,III,0.494,0.174,0.149,0.148,0.623,0.118
590,2.970669,101.693313,CHUAU,7/4/2017,2017,I,0.545,0.043,0.046,0.001,0.630,0.001
591,2.888253,101.829003,BERANANG,7/8/2017,2017,III,0.241,0.065,0.064,0.103,0.605,0.045
592,2.815335,101.512831,LANGAT,5/10/2017,2017,III,0.254,0.065,0.064,0.007,0.287,0.182
593,2.895012,101.684190,CHUAU,5/9/2017,2017,II,0.693,0.065,0.082,0.004,0.873,0.005
594,2.970669,101.693313,CHUAU,3/11/2017,2017,II,0.387,0.087,0.094,0.001,0.674,0.007
595,2.815335,101.512831,LANGAT,1/8/2017,2017,III,0.270,0.109,0.058,0.039,0.561,0.297
596,2.787198,101.751546,BATANG LABU,7/8/2017,2017,III,0.446,0.174,0.125,0.028,0.594,0.236
597,2.892121,101.749958,SEMENYIH,4/10/2017,2017,III,0.466,0.174,0.173,0.038,0.630,0.065
598,2.861724,101.816540,PAJAM,10/8/2017,2017,III,0.492,0.196,0.149,0.038,0.681,0.406
599,2.861724,101.816540,PAJAM,6/10/2017,2017,III,0.427,0.478,0.246,0.018,0.628,0.607
600,3.015110,101.767694,BALAK,2/8/2017,2017,III,0.272,0.326,0.155,0.015,0.612,0.925
601,2.993079,101.785532,LANGAT,2/8/2017,2017,IV,0.240,0.304,0.137,0.029,0.596,0.401
602,3.015110,101.767694,BALAK,6/10/2017,2017,III,0.239,0.109,0.088,0.028,0.648,0.753
603,2.993079,101.785532,LANGAT,6/10/2017,2017,III,0.451,0.065,0.052,0.021,0.628,0.295
604,3.068323,101.771511,SERING,28/11/2017,2017,III,0.592,0.109,0.088,0.039,0.665,0.203
605,3.015110,101.767694,BALAK,6/12/2017,2017,III,0.492,0.283,0.240,0.015,0.644,0.815
606,3.047051,101.776908,LANGAT,6/10/2017,2017,III,0.489,0.065,0.082,0.027,0.619,0.175
607,2.964141,101.783797,LANGAT,8/8/2017,2017,IV,0.143,0.152,0.143,0.022,0.580,0.374
608,2.964141,101.783797,LANGAT,7/12/2017,2017,III,0.233,0.261,0.155,0.016,0.568,0.186
609,3.040719,101.773670,LANGAT,6/10/2017,2017,III,0.540,0.065,0.082,0.014,0.630,0.194
610,2.964141,101.783797,LANGAT,6/10/2017,2017,III,0.424,0.065,0.082,0.014,0.648,0.361
611,3.067411,101.775484,BATANG LABU,28/11/2017,2017,III,0.574,0.109,0.094,0.026,0.648,0.258
612,2.781640,101.798345,BATANG LABU,7/8/2017,2017,II,0.607,0.130,0.100,0.010,0.596,0.019
613,2.918370,101.862720,RINCHING,7/12/2017,2017,II,0.552,0.109,0.112,0.009,0.543,0.143
614,3.067411,101.775484,BATANG LABU,8/12/2017,2017,III,0.382,0.283,0.210,0.015,0.564,0.477
615,2.848104,101.824531,BATANG BENAR,6/10/2017,2017,III,0.515,0.087,0.076,0.006,0.665,0.329
616,3.068323,101.771511,SERING,8/12/2017,2017,III,0.538,0.283,0.216,0.013,0.626,0.402
617,2.814387,101.811320,BATANG NILAI,6/10/2017,2017,III,0.561,0.152,0.112,0.013,0.825,0.139
618,2.994563,101.783654,BATANG LABU,28/11/2017,2017,III,0.506,0.109,0.112,0.029,0.674,0.090
619,2.801874,101.791659,BATANG NILAI,7/8/2017,2017,III,0.347,0.174,0.143,0.009,0.637,0.925
620,2.801874,101.791659,BATANG NILAI,4/10/2017,2017,III,0.498,0.239,0.204,0.009,0.703,0.428
621,2.861724,101.816540,PAJAM,5/12/2017,2017,III,0.537,0.239,0.173,0.021,0.559,0.324
622,3.040719,101.773670,LANGAT,2/8/2017,2017,III,0.500,0.087,0.070,0.046,0.610,0.308
623,2.787198,101.751546,BATANG LABU,4/10/2017,2017,III,0.405,0.174,0.204,0.021,0.626,0.180
624,2.946371,101.847649,SEMENYIH,6/10/2017,2017,II,0.571,0.065,0.064,0.089,0.630,0.054
625,2.888253,101.829003,BERANANG,6/10/2017,2017,II,0.496,0.087,0.058,0.045,0.649,0.039
626,2.993079,101.785532,LANGAT,6/12/2017,2017,III,0.440,0.174,0.155,0.043,0.609,0.156
627,2.892121,101.749958,SEMENYIH,4/12/2017,2017,III,0.538,0.196,0.234,0.104,0.584,0.066
628,3.040719,101.773670,LANGAT,6/12/2017,2017,III,0.642,0.152,0.137,0.093,0.584,0.129
629,2.946371,101.847649,SEMENYIH,7/12/2017,2017,II,0.632,0.065,0.082,0.018,0.557,0.045
630,2.892200,101.764339,BUAN,8/8/2017,2017,III,0.483,0.152,0.149,0.006,0.609,0.245
631,3.111312,101.816819,LANGAT,6/10/2017,2017,II,0.670,0.065,0.088,0.016,0.665,0.013
632,3.047051,101.776908,LANGAT,6/12/2017,2017,III,0.600,0.174,0.155,0.087,0.568,0.093
633,2.801874,101.791659,BATANG NILAI,5/12/2017,2017,III,0.794,0.087,0.076,0.006,0.662,0.295
634,2.994563,101.783654,BATANG LABU,6/12/2017,2017,III,0.471,0.152,0.173,0.036,0.578,0.176
635,3.068590,101.786005,BATANG LABU,28/11/2017,2017,III,0.708,0.130,0.155,0.060,0.703,0.021
636,3.111312,101.816819,LANGAT,2/8/2017,2017,II,0.676,0.065,0.082,0.021,0.656,0.008
637,2.813262,101.642225,BATANG LABU,28/11/2017,2017,III,0.674,0.130,0.155,0.181,0.651,0.012
638,2.918370,101.862720,RINCHING,6/10/2017,2017,II,0.583,0.065,0.064,0.012,0.623,0.062
639,2.877132,101.839741,PAJAM,6/10/2017,2017,III,0.522,0.087,0.070,0.022,0.660,0.112
640,2.787198,101.751546,BATANG LABU,5/12/2017,2017,II,0.567,0.065,0.052,0.019,0.591,0.083
641,2.813262,101.642225,BATANG LABU,4/12/2017,2017,III,0.474,0.196,0.258,0.142,0.582,0.142
642,2.855499,101.681547,LANGAT,4/12/2017,2017,III,0.443,0.196,0.252,0.157,0.598,0.107
643,2.787200,101.701531,BATANG LABU,4/12/2017,2017,III,0.551,0.217,0.167,0.046,0.562,0.059
644,3.111312,101.816819,LANGAT,8/12/2017,2017,II,0.676,0.087,0.131,0.027,0.561,0.005
645,3.068590,101.786005,BATANG LABU,6/12/2017,2017,III,0.655,0.304,0.343,0.302,0.532,0.042
646,2.877132,101.839741,PAJAM,5/12/2017,2017,II,0.551,0.065,0.094,0.026,0.559,0.062
647,2.892200,101.764339,BUAN,4/12/2017,2017,III,0.589,0.174,0.149,0.040,0.568,0.087
648,2.777479,101.752031,JIJAN,7/8/2017,2017,II,0.588,0.065,0.076,0.007,0.612,0.047
649,3.173894,101.869146,RINCHING,6/10/2017,2017,II,0.672,0.087,0.076,0.003,0.703,0.005
650,3.173894,101.869146,RINCHING,2/8/2017,2017,II,0.663,0.109,0.076,0.002,0.649,0.001
651,3.097682,101.805301,BATANG LABU,8/12/2017,2017,II,0.707,0.196,0.179,0.073,0.632,0.005
652,3.008812,101.868933,SEMENYIH,2/8/2017,2017,II,0.623,0.087,0.076,0.049,0.609,0.027
653,2.814387,101.811320,BATANG NILAI,7/8/2017,2017,III,0.498,0.174,0.143,0.005,0.798,0.234
654,3.167259,101.850525,LANGAT,2/8/2017,2017,II,0.696,0.065,0.058,0.004,0.665,0.003
655,2.877132,101.839741,PAJAM,7/8/2017,2017,III,0.293,0.109,0.119,0.017,0.612,0.107
656,3.008812,101.868933,SEMENYIH,6/10/2017,2017,II,0.582,0.152,0.112,0.016,0.573,0.029
657,3.008812,101.868933,SEMENYIH,7/12/2017,2017,II,0.714,0.043,0.058,0.016,0.626,0.023
658,2.781640,101.798345,BATANG LABU,4/10/2017,2017,II,0.618,0.239,0.204,0.009,0.676,0.005
659,3.173894,101.869146,RINCHING,7/12/2017,2017,II,0.700,0.043,0.058,0.004,0.562,0.003
660,2.848104,101.824531,BATANG BENAR,5/12/2017,2017,III,0.556,0.152,0.106,0.014,0.610,0.313
661,2.855499,101.681547,LANGAT,1/8/2017,2017,III,0.454,0.087,0.058,0.029,0.587,0.365
662,2.976173,101.701886,ANAK CHUAU,3/11/2017,2017,III,0.313,0.130,0.143,0.005,0.660,0.188
663,2.892121,101.749958,SEMENYIH,1/8/2017,2017,III,0.409,0.087,0.058,0.052,0.554,0.072
664,3.167259,101.850525,LANGAT,6/10/2017,2017,II,0.663,0.152,0.143,0.002,0.696,0.003
665,3.097682,101.805301,BATANG LABU,28/11/2017,2017,II,0.688,0.109,0.112,0.018,0.646,0.021
666,2.781640,101.798345,BATANG LABU,4/12/2017,2017,II,0.648,0.109,0.106,0.017,0.554,0.010
667,2.888253,101.829003,BERANANG,5/12/2017,2017,III,0.569,0.152,0.222,0.062,0.575,0.023
668,2.814387,101.811320,BATANG NILAI,5/12/2017,2017,III,0.558,0.261,0.277,0.012,0.651,0.079
669,2.892928,101.696742,LIMAU MANIS,7/7/2017,2017,III,0.583,0.152,0.167,0.390,0.614,0.056
670,2.876110,101.451639,LANGAT,1/8/2017,2017,II,0.508,0.043,0.046,0.010,0.672,0.047
671,2.787200,101.701531,BATANG LABU,4/10/2017,2017,III,0.230,0.239,0.222,0.011,0.593,0.063
672,2.976173,101.701886,ANAK CHUAU,7/7/2017,2017,II,0.721,0.109,0.131,0.006,0.758,0.077
673,2.976173,101.701886,ANAK CHUAU,5/9/2017,2017,III,0.461,0.043,0.046,0.022,0.777,0.209
674,2.815335,101.512831,LANGAT,7/8/2017,2017,III,0.355,0.065,0.058,0.015,0.715,0.117
675,2.892928,101.696742,LIMAU MANIS,5/9/2017,2017,II,0.617,0.065,0.058,0.016,0.687,0.066
676,2.777479,101.752031,JIJAN,4/12/2017,2017,II,0.633,0.087,0.112,0.030,0.522,0.046
677,2.892200,101.764339,BUAN,4/10/2017,2017,III,0.578,0.109,0.131,0.029,0.619,0.256
678,2.918370,101.862720,RINCHING,7/8/2017,2017,III,0.358,0.217,0.143,0.002,0.570,0.153
679,3.167259,101.850525,LANGAT,8/12/2017,2017,II,0.710,0.283,0.234,0.004,0.619,0.001
680,2.970669,101.693313,CHUAU,5/9/2017,2017,II,0.408,0.043,0.052,0.001,0.701,0.002
681,2.876110,101.451639,LANGAT,5/10/2017,2017,III,0.168,0.152,0.143,0.019,0.497,0.050
682,2.855499,101.681547,LANGAT,4/10/2017,2017,III,0.407,0.196,0.167,0.036,0.681,0.293
683,2.848104,101.824531,BATANG BENAR,7/8/2017,2017,III,0.330,0.109,0.100,0.007,0.662,0.263
684,2.895012,101.684190,CHUAU,7/7/2017,2017,II,0.667,0.043,0.046,0.003,0.710,0.019
685,2.815335,101.512831,LANGAT,4/12/2017,2017,III,0.394,0.152,0.198,0.078,0.587,0.171
686,2.876110,101.451639,LANGAT,6/12/2017,2017,III,0.406,0.065,0.076,0.080,0.511,0.065
687,2.946371,101.847649,SEMENYIH,8/8/2017,2017,II,0.593,0.087,0.100,0.020,0.607,0.065
688,2.777479,101.752031,JIJAN,4/10/2017,2017,II,0.593,0.196,0.149,0.007,0.628,0.058
689,2.892928,101.696742,LIMAU MANIS,3/11/2017,2017,III,0.616,0.196,0.155,0.048,0.587,0.143
690,2.895012,101.684190,CHUAU,3/11/2017,2017,II,0.660,0.109,0.094,0.001,0.680,0.012
691,2.976173,101.701886,ANAK CHUAU,5/1/2018,2018,III,0.461,0.065,0.082,0.008,0.676,0.124
692,2.970669,101.693313,CHUAU,5/1/2018,2018,II,0.493,0.043,0.058,0.005,0.711,0.005
693,2.892928,101.696742,LIMAU MANIS,5/1/2018,2018,II,0.607,0.152,0.082,0.013,0.658,0.076
694,2.895012,101.684190,CHUAU,5/1/2018,2018,II,0.715,0.109,0.076,0.004,0.759,0.012
695,2.876110,101.451639,LANGAT,5/2/2018,2018,III,0.261,0.130,0.131,0.012,0.630,0.034
696,2.815335,101.512831,LANGAT,5/2/2018,2018,III,0.318,0.109,0.094,0.024,0.506,0.080
697,2.813262,101.642225,BATANG LABU,5/2/2018,2018,III,0.530,0.130,0.112,0.025,0.748,0.082
698,2.855499,101.681547,LANGAT,5/2/2018,2018,III,0.558,0.109,0.094,0.019,0.741,0.081
699,2.892121,101.749958,SEMENYIH,5/2/2018,2018,II,0.556,0.065,0.082,0.028,0.736,0.026
700,2.892200,101.764339,BUAN,5/2/2018,2018,II,0.552,0.087,0.070,0.019,0.695,0.082
701,2.787200,101.701531,BATANG LABU,5/2/2018,2018,III,0.502,0.130,0.112,0.013,0.708,0.073
702,2.777479,101.752031,JIJAN,7/2/2018,2018,II,0.700,0.087,0.100,0.003,0.646,0.040
703,2.787198,101.751546,BATANG LABU,7/2/2018,2018,III,0.537,0.130,0.119,0.008,0.597,0.151
704,2.781640,101.798345,BATANG LABU,7/2/2018,2018,II,0.699,0.065,0.058,0.004,0.611,0.003
705,2.801874,101.791659,BATANG NILAI,7/2/2018,2018,III,0.602,0.109,0.058,0.005,0.689,0.472
706,2.814387,101.811320,BATANG NILAI,7/2/2018,2018,III,0.432,0.152,0.119,0.009,0.761,0.108
707,2.861724,101.816540,PAJAM,7/2/2018,2018,III,0.437,0.304,0.240,0.058,0.639,0.607
708,2.848104,101.824531,BATANG BENAR,7/2/2018,2018,II,0.640,0.065,0.058,0.007,0.713,0.173
709,2.877132,101.839741,PAJAM,7/2/2018,2018,II,0.568,0.043,0.070,0.013,0.699,0.047
710,2.888253,101.829003,BERANANG,7/2/2018,2018,II,0.558,0.065,0.082,0.039,0.680,0.016
711,2.994563,101.783654,BATANG LABU,8/2/2018,2018,III,0.463,0.109,0.088,0.025,0.608,0.141
712,2.993079,101.785532,LANGAT,8/2/2018,2018,III,0.442,0.087,0.076,0.009,0.619,0.148
713,3.015110,101.767694,BALAK,8/2/2018,2018,III,0.270,0.065,0.058,0.030,0.636,0.660
714,3.040719,101.773670,LANGAT,8/2/2018,2018,II,0.668,0.065,0.082,0.025,0.661,0.118
715,3.068590,101.786005,BATANG LABU,8/2/2018,2018,II,0.724,0.065,0.052,0.075,0.727,0.021
716,3.047051,101.776908,LANGAT,8/2/2018,2018,II,0.641,0.065,0.064,0.006,0.668,0.084
717,2.964141,101.783797,LANGAT,8/2/2018,2018,III,0.364,0.087,0.088,0.015,0.700,0.145
718,2.918370,101.862720,RINCHING,9/2/2018,2018,III,0.631,0.087,0.112,0.093,0.588,0.053
719,2.946371,101.847649,SEMENYIH,9/2/2018,2018,II,0.647,0.065,0.082,0.017,0.623,0.028
720,3.008812,101.868933,SEMENYIH,9/2/2018,2018,II,0.724,0.065,0.094,0.016,0.696,0.018
721,3.173894,101.869146,RINCHING,9/2/2018,2018,II,0.739,0.065,0.076,0.003,0.719,0.001
722,3.167259,101.850525,LANGAT,10/2/2018,2018,II,0.780,0.087,0.100,0.001,0.707,0.003
723,3.111312,101.816819,LANGAT,10/2/2018,2018,II,0.751,0.109,0.143,0.003,0.724,0.006
724,3.097682,101.805301,BATANG LABU,10/2/2018,2018,II,0.740,0.130,0.119,0.021,0.712,0.015
725,3.067411,101.775484,BATANG LABU,10/2/2018,2018,III,0.481,0.130,0.143,0.024,0.652,0.394
726,3.068323,101.771511,SERING,10/2/2018,2018,III,0.361,0.087,0.119,0.015,0.604,0.457
727,2.976173,101.701886,ANAK CHUAU,7/3/2018,2018,III,0.276,0.152,0.131,0.009,0.722,0.093
728,2.970669,101.693313,CHUAU,7/3/2018,2018,III,0.388,0.152,0.131,0.014,0.691,0.012
729,2.892928,101.696742,LIMAU MANIS,7/3/2018,2018,II,0.607,0.174,0.155,0.013,0.742,0.040
730,2.895012,101.684190,CHUAU,7/3/2018,2018,II,0.704,0.087,0.094,0.001,0.932,0.005
731,2.876110,101.451639,LANGAT,3/4/2018,2018,III,0.189,0.065,0.082,0.131,0.549,0.058
732,2.815335,101.512831,LANGAT,3/4/2018,2018,IV,0.251,0.152,0.179,0.253,0.581,0.123
733,2.813262,101.642225,BATANG LABU,3/4/2018,2018,III,0.436,0.174,0.216,0.104,0.568,0.112
734,2.855499,101.681547,LANGAT,3/4/2018,2018,III,0.434,0.152,0.167,0.053,0.538,0.215
735,2.892121,101.749958,SEMENYIH,3/4/2018,2018,III,0.566,0.130,0.149,0.036,0.600,0.033
736,2.892200,101.764339,BUAN,4/4/2018,2018,III,0.588,0.109,0.131,0.017,0.565,0.226
737,2.787200,101.701531,BATANG LABU,4/4/2018,2018,III,0.463,0.130,0.112,0.036,0.589,0.099
738,2.777479,101.752031,JIJAN,4/4/2018,2018,III,0.673,0.196,0.185,0.031,0.506,0.070
739,2.781640,101.798345,BATANG LABU,4/4/2018,2018,II,0.621,0.130,0.161,0.022,0.607,0.004
740,2.801874,101.791659,BATANG NILAI,4/4/2018,2018,III,0.564,0.109,0.100,0.019,0.629,0.180
741,2.787198,101.751546,BATANG LABU,4/4/2018,2018,III,0.556,0.130,0.143,0.026,0.581,0.116
742,2.814387,101.811320,BATANG NILAI,6/4/2018,2018,III,0.501,0.087,0.125,0.012,0.725,0.128
743,2.861724,101.816540,PAJAM,6/4/2018,2018,IV,0.441,0.500,0.532,0.041,0.574,0.322
744,2.848104,101.824531,BATANG BENAR,6/4/2018,2018,III,0.547,0.043,0.058,0.009,0.631,0.250
745,2.888253,101.829003,BERANANG,6/4/2018,2018,II,0.622,0.043,0.046,0.030,0.620,0.034
746,2.877132,101.839741,PAJAM,6/4/2018,2018,II,0.521,0.043,0.064,0.036,0.604,0.058
747,2.918370,101.862720,RINCHING,6/4/2018,2018,II,0.533,0.065,0.064,0.041,0.529,0.053
748,2.946371,101.847649,SEMENYIH,6/4/2018,2018,II,0.574,0.043,0.046,0.033,0.537,0.034
749,2.993079,101.785532,LANGAT,7/4/2018,2018,III,0.483,0.130,0.131,0.149,0.648,0.097
750,2.994563,101.783654,BATANG LABU,7/4/2018,2018,III,0.453,0.130,0.137,0.131,0.590,0.092
751,3.015110,101.767694,BALAK,7/4/2018,2018,III,0.329,0.152,0.179,0.009,0.603,0.408
752,3.068590,101.786005,BATANG LABU,7/4/2018,2018,II,0.693,0.087,0.112,0.105,0.630,0.019
753,3.047051,101.776908,LANGAT,7/4/2018,2018,III,0.560,0.087,0.106,0.094,0.596,0.069
754,3.008812,101.868933,SEMENYIH,9/4/2018,2018,II,0.684,0.087,0.100,0.012,0.670,0.019
755,3.173894,101.869146,RINCHING,9/4/2018,2018,II,0.710,0.065,0.070,0.004,0.655,0.001
756,3.167259,101.850525,LANGAT,9/4/2018,2018,II,0.718,0.043,0.046,0.004,0.652,0.005
757,3.111312,101.816819,LANGAT,10/4/2018,2018,II,0.745,0.043,0.064,0.004,0.698,0.007
758,3.097682,101.805301,BATANG LABU,10/4/2018,2018,II,0.720,0.043,0.058,0.009,0.615,0.012
759,3.067411,101.775484,BATANG LABU,10/4/2018,2018,III,0.468,0.239,0.277,0.016,0.595,0.416
760,3.068323,101.771511,SERING,10/4/2018,2018,III,0.452,0.217,0.222,0.010,0.576,0.334
761,3.040719,101.773670,LANGAT,10/4/2018,2018,III,0.602,0.087,0.112,0.016,0.582,0.175
762,2.964141,101.783797,LANGAT,10/4/2018,2018,III,0.474,0.217,0.252,0.016,0.614,0.271
763,2.976173,101.701886,ANAK CHUAU,3/5/2018,2018,III,0.314,0.087,0.076,0.003,0.568,0.132
764,2.970669,101.693313,CHUAU,3/5/2018,2018,II,0.411,0.087,0.088,0.004,0.520,0.001
765,2.892928,101.696742,LIMAU MANIS,3/5/2018,2018,II,0.591,0.065,0.064,0.005,0.653,0.007
766,2.895012,101.684190,CHUAU,3/5/2018,2018,II,0.705,0.043,0.040,0.007,0.902,0.024
767,2.876110,101.451639,LANGAT,5/6/2018,2018,III,0.236,0.109,0.131,0.037,0.570,0.016
768,2.815335,101.512831,LANGAT,5/6/2018,2018,III,0.229,0.130,0.143,0.037,0.570,0.081
769,2.813262,101.642225,BATANG LABU,5/6/2018,2018,III,0.458,0.087,0.094,0.042,0.639,0.169
770,2.855499,101.681547,LANGAT,5/6/2018,2018,III,0.351,0.152,0.191,0.027,0.602,0.188
771,2.892121,101.749958,SEMENYIH,5/6/2018,2018,II,0.487,0.065,0.076,0.033,0.576,0.033
772,2.892200,101.764339,BUAN,5/6/2018,2018,III,0.580,0.109,0.112,0.015,0.610,0.172
773,2.787198,101.751546,BATANG LABU,5/6/2018,2018,III,0.423,0.087,0.100,0.027,0.571,0.156
774,2.787200,101.701531,BATANG LABU,6/6/2018,2018,III,0.389,0.087,0.088,0.035,0.554,0.110
775,2.777479,101.752031,JIJAN,6/6/2018,2018,II,0.586,0.043,0.052,0.017,0.492,0.040
776,2.781640,101.798345,BATANG LABU,6/6/2018,2018,II,0.553,0.065,0.076,0.007,0.536,0.013
777,2.801874,101.791659,BATANG NILAI,6/6/2018,2018,IV,0.819,1.000,0.872,0.008,0.861,0.228
778,2.814387,101.811320,BATANG NILAI,6/6/2018,2018,IV,0.139,0.587,0.605,0.020,0.668,0.000
779,2.861724,101.816540,PAJAM,6/6/2018,2018,IV,0.443,0.565,0.605,0.042,0.709,0.485
780,2.848104,101.824531,BATANG BENAR,8/6/2018,2018,III,0.474,0.043,0.058,0.002,1.000,0.269
781,2.888253,101.829003,BERANANG,8/6/2018,2018,II,0.561,0.087,0.125,0.029,0.669,0.045
782,2.877132,101.839741,PAJAM,8/6/2018,2018,III,0.559,0.065,0.064,0.253,0.612,0.064
783,2.918370,101.862720,RINCHING,8/6/2018,2018,III,0.453,0.130,0.137,0.007,0.553,0.076
784,2.946371,101.847649,SEMENYIH,8/6/2018,2018,III,0.374,0.174,0.216,0.096,0.551,0.101
785,2.993079,101.785532,LANGAT,11/6/2018,2018,IV,0.193,0.478,0.526,0.019,0.607,0.285
786,2.994563,101.783654,BATANG LABU,11/6/2018,2018,IV,0.199,0.391,0.477,0.021,0.591,0.270
787,3.015110,101.767694,BALAK,11/6/2018,2018,III,0.437,0.283,0.325,0.013,0.657,0.740
788,3.068590,101.786005,BATANG LABU,11/6/2018,2018,II,0.652,0.043,0.046,0.093,0.660,0.019
789,3.047051,101.776908,LANGAT,11/6/2018,2018,III,0.290,0.130,0.137,0.061,0.546,0.198
790,3.040719,101.773670,LANGAT,11/6/2018,2018,III,0.472,0.087,0.119,0.060,0.590,0.245
791,2.964141,101.783797,LANGAT,11/6/2018,2018,IV,0.202,0.326,0.356,0.018,0.644,0.229
792,3.067411,101.775484,BATANG LABU,12/6/2018,2018,III,0.363,0.152,0.155,0.010,0.622,0.490
793,3.068323,101.771511,SERING,12/6/2018,2018,III,0.272,0.130,0.149,0.019,0.603,0.485
794,3.097682,101.805301,BATANG LABU,12/6/2018,2018,II,0.657,0.065,0.082,0.053,0.667,0.023
795,3.111312,101.816819,LANGAT,12/6/2018,2018,II,0.706,0.043,0.058,0.016,0.657,0.008
796,3.167259,101.850525,LANGAT,12/6/2018,2018,II,0.708,0.065,0.094,0.011,0.674,0.010
797,3.173894,101.869146,RINCHING,12/6/2018,2018,II,0.702,0.065,0.082,0.010,0.682,0.001
798,3.008812,101.868933,SEMENYIH,12/6/2018,2018,II,0.709,0.065,0.088,0.038,0.674,0.023
799,2.976173,101.701886,ANAK CHUAU,6/7/2018,2018,III,0.418,0.087,0.094,0.006,0.591,0.085
800,2.970669,101.693313,CHUAU,6/7/2018,2018,II,0.496,0.065,0.070,0.002,0.608,0.003
801,2.892928,101.696742,LIMAU MANIS,6/7/2018,2018,II,0.590,0.087,0.106,0.059,0.567,0.027
802,2.895012,101.684190,CHUAU,6/7/2018,2018,II,0.744,0.065,0.082,0.000,0.779,0.017
803,2.876110,101.451639,LANGAT,2/8/2018,2018,III,0.305,0.109,0.143,0.091,0.479,0.062
804,2.815335,101.512831,LANGAT,2/8/2018,2018,III,0.180,0.152,0.173,0.034,0.507,0.211
805,2.813262,101.642225,BATANG LABU,2/8/2018,2018,III,0.500,0.087,0.088,0.057,0.548,0.127
806,2.855499,101.681547,LANGAT,2/8/2018,2018,III,0.478,0.087,0.112,0.060,0.574,0.113
807,2.892121,101.749958,SEMENYIH,2/8/2018,2018,III,0.556,0.065,0.088,0.090,0.607,0.040
808,2.892200,101.764339,BUAN,2/8/2018,2018,II,0.541,0.043,0.058,0.010,0.601,0.188
809,2.787200,101.701531,BATANG LABU,2/8/2018,2018,III,0.441,0.087,0.106,0.018,0.585,0.143
810,2.777479,101.752031,JIJAN,6/8/2018,2018,II,0.583,0.065,0.058,0.008,0.494,0.069
811,2.787198,101.751546,BATANG LABU,6/8/2018,2018,III,0.462,0.152,0.149,0.056,0.557,0.334
812,2.781640,101.798345,BATANG LABU,6/8/2018,2018,II,0.620,0.065,0.082,0.005,0.574,0.007
813,2.801874,101.791659,BATANG NILAI,6/8/2018,2018,III,0.753,0.239,0.258,0.010,0.843,0.579
814,2.814387,101.811320,BATANG NILAI,6/8/2018,2018,III,0.551,0.152,0.173,0.007,0.839,0.108
815,2.861724,101.816540,PAJAM,6/8/2018,2018,III,0.593,0.522,0.556,0.019,0.726,0.443
816,2.848104,101.824531,BATANG BENAR,6/8/2018,2018,III,0.482,0.152,0.143,0.004,0.733,0.612
817,2.888253,101.829003,BERANANG,6/8/2018,2018,III,0.504,0.087,0.082,0.060,0.634,0.044
818,2.877132,101.839741,PAJAM,6/8/2018,2018,III,0.523,0.174,0.216,0.472,0.629,0.088
819,2.993079,101.785532,LANGAT,7/8/2018,2018,IV,0.224,0.457,0.514,0.021,0.571,0.309
820,2.994563,101.783654,BATANG LABU,7/8/2018,2018,IV,0.178,0.500,0.532,0.030,0.600,0.319
821,3.015110,101.767694,BALAK,7/8/2018,2018,III,0.583,0.304,0.343,0.010,0.649,1.000
822,3.068590,101.786005,BATANG LABU,7/8/2018,2018,III,0.665,0.065,0.082,0.162,0.618,0.029
823,3.047051,101.776908,LANGAT,7/8/2018,2018,III,0.435,0.152,0.198,0.048,0.596,0.213
824,3.040719,101.773670,LANGAT,7/8/2018,2018,III,0.517,0.152,0.161,0.051,0.580,0.269
825,2.964141,101.783797,LANGAT,7/8/2018,2018,IV,0.229,0.587,0.495,0.016,0.592,0.295
826,3.068323,101.771511,SERING,8/8/2018,2018,III,0.384,0.326,0.289,0.004,0.615,0.477
827,3.067411,101.775484,BATANG LABU,8/8/2018,2018,III,0.371,0.370,0.404,0.009,0.605,0.565
828,3.097682,101.805301,BATANG LABU,8/8/2018,2018,II,0.667,0.043,0.046,0.039,0.646,0.016
829,3.111312,101.816819,LANGAT,8/8/2018,2018,II,0.693,0.043,0.046,0.019,0.693,0.010
830,3.167259,101.850525,LANGAT,8/8/2018,2018,II,0.707,0.043,0.040,0.004,0.684,0.005
831,3.173894,101.869146,RINCHING,8/8/2018,2018,I,0.691,0.043,0.046,0.003,0.663,0.001
832,3.008812,101.868933,SEMENYIH,8/8/2018,2018,II,0.641,0.043,0.040,0.024,0.602,0.026
833,2.918370,101.862720,RINCHING,8/8/2018,2018,III,0.548,0.109,0.119,0.014,0.569,0.164
834,2.946371,101.847649,SEMENYIH,8/8/2018,2018,II,0.620,0.065,0.076,0.028,0.613,0.031
835,2.976173,101.701886,ANAK CHUAU,5/9/2018,2018,II,0.467,0.109,0.131,0.005,0.649,0.005
836,2.970669,101.693313,CHUAU,5/9/2018,2018,II,0.483,0.087,0.094,0.003,0.585,0.050
837,2.892928,101.696742,LIMAU MANIS,5/9/2018,2018,III,0.677,0.065,0.064,0.111,0.629,0.080
838,2.895012,101.684190,CHUAU,5/9/2018,2018,II,0.693,0.043,0.052,0.006,0.704,0.008
839,2.876110,101.451639,LANGAT,3/10/2018,2018,III,0.261,0.043,0.058,0.023,0.532,0.068
840,2.815335,101.512831,LANGAT,3/10/2018,2018,III,0.301,0.065,0.064,0.038,0.601,0.147
841,2.813262,101.642225,BATANG LABU,3/10/2018,2018,III,0.476,0.109,0.100,0.494,0.574,0.097
842,2.787200,101.701531,BATANG LABU,3/10/2018,2018,II,0.499,0.043,0.040,0.033,0.562,0.106
843,2.777479,101.752031,JIJAN,3/10/2018,2018,III,0.621,0.130,0.119,0.032,0.500,0.060
844,2.787198,101.751546,BATANG LABU,3/10/2018,2018,III,0.496,0.065,0.082,0.035,0.533,0.234
845,2.855499,101.681547,LANGAT,4/10/2018,2018,III,0.589,0.087,0.064,0.153,0.601,0.046
846,2.892121,101.749958,SEMENYIH,4/10/2018,2018,II,0.596,0.087,0.070,0.096,0.597,0.030
847,2.892200,101.764339,BUAN,4/10/2018,2018,III,0.239,0.087,0.088,0.081,0.576,0.209
848,2.781640,101.798345,BATANG LABU,4/10/2018,2018,III,0.646,0.130,0.082,1.000,0.600,0.009
849,2.801874,101.791659,BATANG NILAI,4/10/2018,2018,III,0.473,0.087,0.076,0.099,0.592,0.110
850,2.814387,101.811320,BATANG NILAI,4/10/2018,2018,II,0.663,0.065,0.076,0.024,0.688,0.040
851,2.861724,101.816540,PAJAM,5/10/2018,2018,III,0.632,0.370,0.465,0.015,0.640,0.369
852,2.848104,101.824531,BATANG BENAR,5/10/2018,2018,III,0.585,0.087,0.106,0.015,0.655,0.265
853,2.888253,101.829003,BERANANG,5/10/2018,2018,II,0.583,0.065,0.082,0.041,0.652,0.023
854,2.877132,101.839741,PAJAM,5/10/2018,2018,II,0.505,0.065,0.076,0.019,0.602,0.064
855,2.918370,101.862720,RINCHING,5/10/2018,2018,III,0.476,0.130,0.137,0.016,0.559,0.119
856,2.946371,101.847649,SEMENYIH,5/10/2018,2018,II,0.645,0.065,0.094,0.042,0.576,0.032
857,3.068323,101.771511,SERING,8/10/2018,2018,III,0.509,0.152,0.143,0.013,0.684,0.347
858,3.067411,101.775484,BATANG LABU,8/10/2018,2018,III,0.547,0.130,0.155,0.033,0.617,0.340
859,3.097682,101.805301,BATANG LABU,8/10/2018,2018,II,0.752,0.043,0.070,0.032,0.603,0.016
860,3.111312,101.816819,LANGAT,8/10/2018,2018,II,0.794,0.065,0.064,0.012,0.615,0.012
861,3.167259,101.850525,LANGAT,8/10/2018,2018,II,0.770,0.152,0.137,0.003,0.650,0.003
862,3.173894,101.869146,RINCHING,8/10/2018,2018,II,0.730,0.065,0.070,0.006,0.611,0.005
863,3.008812,101.868933,SEMENYIH,8/10/2018,2018,III,0.686,0.087,0.076,0.431,0.628,0.023
864,2.993079,101.785532,LANGAT,9/10/2018,2018,III,0.491,0.196,0.185,0.139,0.618,0.080
865,2.994563,101.783654,BATANG LABU,9/10/2018,2018,III,0.544,0.326,0.228,0.115,0.610,0.086
866,3.015110,101.767694,BALAK,9/10/2018,2018,III,0.462,0.130,0.155,0.014,0.627,0.426
867,3.068590,101.786005,BATANG LABU,9/10/2018,2018,III,0.666,0.109,0.131,0.513,0.625,0.038
868,3.047051,101.776908,LANGAT,9/10/2018,2018,III,0.632,0.109,0.112,0.078,0.577,0.064
869,3.040719,101.773670,LANGAT,9/10/2018,2018,III,0.601,0.130,0.112,0.067,0.535,0.064
870,2.964141,101.783797,LANGAT,9/10/2018,2018,III,0.507,0.152,0.149,0.065,0.581,0.113
871,2.976173,101.701886,ANAK CHUAU,7/11/2018,2018,III,0.265,0.043,0.070,0.006,0.504,0.079
872,2.970669,101.693313,CHUAU,7/11/2018,2018,II,0.456,0.043,0.040,0.006,0.520,0.084
873,2.892928,101.696742,LIMAU MANIS,7/11/2018,2018,II,0.559,0.087,0.076,0.016,0.570,0.058
874,2.895012,101.684190,CHUAU,7/11/2018,2018,II,0.612,0.065,0.070,0.002,0.699,0.000
875,2.813262,101.642225,BATANG LABU,5/12/2018,2018,III,0.388,0.109,0.106,0.177,0.475,0.017
876,2.855499,101.681547,LANGAT,5/12/2018,2018,III,0.468,0.087,0.082,0.187,0.486,0.045
877,2.892121,101.749958,SEMENYIH,5/12/2018,2018,III,0.540,0.087,0.088,0.126,0.469,0.014
878,2.892200,101.764339,BUAN,5/12/2018,2018,II,0.499,0.065,0.094,0.048,0.496,0.038
879,2.787200,101.701531,BATANG LABU,5/12/2018,2018,III,0.461,0.043,0.058,0.057,0.405,0.037
880,2.777479,101.752031,JIJAN,5/12/2018,2018,II,0.586,0.087,0.100,0.058,0.396,0.012
881,2.787198,101.751546,BATANG LABU,5/12/2018,2018,II,0.536,0.109,0.088,0.070,0.491,0.021
882,2.815335,101.512831,LANGAT,6/12/2018,2018,III,0.323,0.130,0.112,0.095,0.225,0.047
883,2.781640,101.798345,BATANG LABU,6/12/2018,2018,II,0.608,0.065,0.082,0.012,0.506,0.008
884,2.801874,101.791659,BATANG NILAI,6/12/2018,2018,II,0.634,0.109,0.100,0.010,0.611,0.137
885,2.814387,101.811320,BATANG NILAI,6/12/2018,2018,III,0.574,0.130,0.106,0.026,0.661,0.060
886,2.861724,101.816540,PAJAM,6/12/2018,2018,III,0.546,0.152,0.125,0.017,0.581,0.289
887,2.848104,101.824531,BATANG BENAR,6/12/2018,2018,III,0.554,0.130,0.137,0.020,0.819,0.134
888,2.888253,101.829003,BERANANG,6/12/2018,2018,II,0.569,0.109,0.112,0.071,0.531,0.026
889,2.877132,101.839741,PAJAM,6/12/2018,2018,III,0.486,0.109,0.106,0.076,0.529,0.047
890,2.993079,101.785532,LANGAT,7/12/2018,2018,III,0.516,0.261,0.313,0.041,0.565,0.075
891,2.994563,101.783654,BATANG LABU,7/12/2018,2018,III,0.493,0.217,0.264,0.075,0.550,0.080
892,2.964141,101.783797,LANGAT,7/12/2018,2018,III,0.461,0.217,0.234,0.094,0.549,0.081
893,3.008812,101.868933,SEMENYIH,7/12/2018,2018,III,0.646,0.087,0.088,0.271,0.572,0.008
894,2.918370,101.862720,RINCHING,7/12/2018,2018,III,0.641,0.196,0.143,0.792,0.521,0.040
895,2.946371,101.847649,SEMENYIH,7/12/2018,2018,III,0.618,0.109,0.125,0.710,0.597,0.025
896,3.015110,101.767694,BALAK,10/12/2018,2018,III,0.355,0.239,0.185,0.014,0.596,0.345
897,3.068590,101.786005,BATANG LABU,10/12/2018,2018,II,0.686,0.109,0.112,0.035,0.560,0.025
898,3.047051,101.776908,LANGAT,10/12/2018,2018,II,0.642,0.109,0.119,0.035,0.578,0.024
899,3.040719,101.773670,LANGAT,10/12/2018,2018,II,0.630,0.130,0.131,0.091,0.535,0.016
900,2.876110,101.451639,LANGAT,10/12/2018,2018,III,0.332,0.087,0.070,0.020,0.326,0.042
901,3.068323,101.771511,SERING,11/12/2018,2018,III,0.557,0.196,0.167,0.021,0.593,0.220
902,3.067411,101.775484,BATANG LABU,11/12/2018,2018,III,0.540,0.174,0.161,0.021,0.595,0.219
903,3.097682,101.805301,BATANG LABU,11/12/2018,2018,II,0.671,0.043,0.058,0.028,0.593,0.003
904,3.111312,101.816819,LANGAT,11/12/2018,2018,II,0.681,0.043,0.052,0.018,0.599,0.006
905,3.167259,101.850525,LANGAT,11/12/2018,2018,II,0.689,0.043,0.070,0.010,0.625,0.010
906,3.173894,101.869146,RINCHING,11/12/2018,2018,II,0.674,0.065,0.052,0.013,0.587,0.010
