STATES,BASIN,LATITUDE,LONGTITUDE,WKA,STA No.,RIVER,SMP-DAT,DO (% Sat) ,DO (mg/l),BOD (mg/l),COD (mg/l),SS (mg/l),pH (unit),NH3-NL (mg/l),TEMP (Deg C),COND (uS),SAL (ppt),TUR (NTU),DS (mg/l),TS (mg/l),NO3-(mg/l),Cl (mg/l),PO4 (mg/l),As (mg/l),Hg (mg/l),Cd (mg/l),Cr (mg/l),Pb (mg/l),Zn (mg/l),Ca (mg/l),Fe (mg/l),K (mg/l),Mg (mg/l),Na (mg/l),OG (mg/l),MBAS (mg/l),E-coli (cfu/100ml),Coliform (cfu/100ml),DO INDEX,BOD INDEX,COD INDEX,AN INDEX,SS INDEX,PH INDEX,WQI,CLASS
N.SEMBILAN,LANGAT,02 26 565,102 06 876,19,1L23,BATANG NILAI,2012-01-10,78.2, 5.82 ,11,28,14,7.81,5.88,30.82,456,0.22,9.4,324,338,0.31,140.0,0.69,0.015,0.0002,<0.001,<0.001,<0.01,0.07,12.1,0.59,7.3,2.0,129.1,<1,<0.05,24950,190500,87,58,65,0,89,94,66,III
N.SEMBILAN,LANGAT,02 26 565,102 06 876,19,1L23,BATANG NILAI,2012-02-02,125.0,9.15,9,28,7,7.95,<0.01,31.81,418,0.20,8.1,257,264,2.85,73.0,0.40,0.012,<0.0002,<0.001,<0.001,<0.01,0.06,12.6,0.20,6.8,1.2,71.0,<1,<0.05,276500,1560000,100,65,65,100,93,92,86,II
N.SEMBILAN,LANGAT,02 26 565,102 06 876,19,1L23,BATANG NILAI,2012-03-13,43.2,3.20,9,31,8,7.21,1.90,31.08,357,0.17,15.1,181,189,0.02,21.1,0.23,0.013,<0.0002,<0.001,<0.001,<0.01,0.06,8.1,1.29,5.2,1.1,53.3,<1,<0.05,106000,5900000,39,65,62,31,93,99,62,III
N.SEMBILAN,LANGAT,02 17 762,102 15 646,19,1L23,BATANG NILAI,2012-04-09,114.7,8.40,2,5,20,7.77,0.24,31.76,280,0.13,22.3,157,177,1.03,21.0,0.36,0.010,<0.0002,<0.001,<0.001,<0.01,0.05,11.4,0.94,4.7,1.3,31.0,<1,<0.05,6100,135500,100,92,92,75,86,94,91,II
N.SEMBILAN,LANGAT,02 17 762,102 15 646,19,1L23,BATANG NILAI,2012-05-08,154.3,11.14,12,47,12,8.50,3.40,32.68,325,0.15,15.0,207,219,0.90,19.6,0.36,0.016,<0.0002,<0.001,<0.001,<0.01,0.05,6.9,1.35,4.3,0.9,48.7,<1,<0.05,39000,365000,100,55,47,6,91,82,65,III
N.SEMBILAN,LANGAT,02 17 759,102 15 633,19,1L23,BATANG NILAI,2012-06-11,113.3,8.24,17,41,18,7.85,8.34,32.17,480,0.23,23.9,282,300,1.22,24.0,0.52,0.016,<0.0002,<0.001,<0.001,<0.01,0.08,11.7,1.47,7.0,1.3,91.3,<1,<0.05,13800,273500,100,41,52,0,87,93,63,III
N.SEMBILAN,LANGAT,02 17 762,102 15 646,19,1L23,BATANG NILAI,2012-07-06,119.0,8.64,12,34,14,8.28,4.50,32.32,441,0.21,7.3,262,276,1.61,29.3,0.42,0.013,<0.0002,<0.001,<0.001,<0.01,0.03,12.5,0.27,7.6,1.1,75.9,<1,<0.05,25750,335000,100,55,59,0,89,86,67,III
N.SEMBILAN,LANGAT,02 17 762,102 15 646,19,1L23,BATANG NILAI,2012-08-02,93.7,7.08,12,33,11,7.63,6.21,29.95,487,0.23,13.5,256,267,2.53,73.0,0.14,0.008,<0.0002,<0.001,<0.001,<0.01,0.08,10.9,0.36,7.6,1.0,72.1,<1,<0.05,108000,630000,100,55,60,0,91,95,68,III
N.SEMBILAN,LANGAT,02 17 762,102 15 646,19,1L23,BATANG NILAI,2012-09-03,105.3,7.80,2,5,5,7.94,0.33,31.12,536,0.26,5.9,311,316,3.65,135.0,0.59,0.015,<0.0002,<0.001,<0.001,<0.01,0.04,10.5,0.73,8.5,1.4,81.2,<1,<0.05,11800,310000,100,92,92,70,95,92,91,II
N.SEMBILAN,LANGAT,02 17 762,102 15 646,19,1L23,BATANG NILAI,2012-10-03,46.1,3.53,19,51,106,8.01,7.83,28.81,753,0.34,NA,380,486,0.41,31.8,0.41,0.016,<0.0002,<0.001,<0.001,<0.01,0.04,13.4,0.14,7.2,1.6,11.6,<1,<0.05,56500,272500,44,36,44,0,58,91,44,IV
N.SEMBILAN,LANGAT,02 17 762,102 15 646,19,1L23,BATANG NILAI,2012-11-07,97.1,7.34,5,15,31,7.14,2.61,30.00,189,0.09,19.1,99,130,0.96,20.0,0.11,0.008,<0.0002,<0.001,<0.001,<0.01,0.08,12.3,1.57,4.2,1.2,16.2,<1,<0.05,36500,286000,100,79,79,18,81,99,77,II
N.SEMBILAN,LANGAT,02 17 762,102 15 646,19,1L23,BATANG NILAI,2012-12-12,106.0,8.06,9,29,14,7.35,2.58,29.63,194,0.09,12.2,100.2,114,1.29,22.0,0.10,0.004,<0.0002,<0.001,<0.001,<0.01,0.08,11.3,<0.01,4.2,1.0,20.1,<1,<0.05,16000,335000,100,65,64,19,89,98,73,III
N.SEMBILAN,LANGAT,02 48 109,101 47 488,19,1L23,BATANG NILAI,2013-01-06,90.5,6.56,8,26,13,7.54,2.81,32.43,392,0.16,13.2,177,190,2.23,48.0,0.27,0.005,<0.0002,<0.001,<0.001,<0.01,0.10,9.8,0.52,4.3,0.9,38.2,<1,<0.05,73500,910000,97,69,67,15,90,96,73,III
N.SEMBILAN,LANGAT,02 48 109,101 47 488,19,1L23,BATANG NILAI,2013-02-14,120.9,8.99,4,11,70,8.16,0.23,30.91,541,0.23,13.3,254,324,6.93,132.0,0.47,0.010,<0.0002,<0.001,<0.001,<0.01,0.02,8.4,0.50,7.7,1.5,73.4,<1,<0.05,25300,470000,100,83,84,77,64,89,84,II
N.SEMBILAN,LANGAT,02 48 109,101 47 488,19,1L23,BATANG NILAI,2013-03-07,131.4,9.68,15,42,14,8.30,4.99,31.44,451,0.21,7.5,238,252,2.32,22.6,0.61,0.014,<0.0002,<0.001,<0.001,<0.01,0.02,6.5,0.30,7.9,1.2,74.5,<1,<0.05,NC,NC,100,46,52,0,89,86,64,III
N.SEMBILAN,LANGAT,02 48 109,101 47 488,19,1L23,BATANG NILAI,2013-04-04,101.0,7.32,11,30,10,7.73,2.98,32.44,288,0.13,12.4,176,186,1.79,16.0,0.18,0.008,<0.0002,<0.001,<0.001,<0.01,0.04,5.9,0.57,5.1,1.0,40.1,<1,<0.05,122000,370000,100,58,63,12,92,94,71,III
N.SEMBILAN,LANGAT,02 48 109,101 47 488,19,1L23,BATANG NILAI,2013-05-04,102.2,7.54,14,39,8,7.62,9.33,31.37,404,0.19,12.2,210,218,5.76,16.3,0.66,0.013,<0.0002,<0.001,<0.001,<0.01,0.07,4.0,1.51,6.2,0.9,8.3,<1,<0.05,24250,365500,100,49,55,0,93,96,66,III
N.SEMBILAN,LANGAT,02 48 109,101 47 488,19,1L23,BATANG NILAI,2013-06-05,114.6,8.33,11,32,12,8.33,4.82,32.23,462,0.22,20.2,235,247,10.61,25.0,0.42,0.012,<0.0002,<0.001,<0.001,<0.01,0.09,3.7,1.33,8.0,0.6,64.4,<1,<0.05,13800,82000,100,58,61,0,91,86,68,III
N.SEMBILAN,LANGAT,02 48 109,101 47 488,19,1L23,BATANG NILAI,2013-07-07,132.1,9.66,13,44,12,6.88,4.81,31.88,500,0.24,8.2,256,268,3.65,28.2,0.73,0.013,<0.0002,<0.001,<0.001,<0.01,0.06,1.8,0.84,7.7,0.4,74.0,<1,<0.05,10950,39000,100,52,50,0,91,99,66,III
N.SEMBILAN,LANGAT,02 48 109,101 47 488,19,1L23,BATANG NILAI,2013-08-01,102.7,7.77,16,59,6,7.99,4.77,29.91,424,0.20,8.3,242,248,0.63,21.4,0.48,0.012,<0.0002,<0.001,<0.001,<0.01,0.05,2.6,0.77,6.7,0.4,17.5,<1,<0.05,21500,148000,100,43,39,0,94,91,62,III
N.SEMBILAN,LANGAT,02 48 109,101 47 488,19,1L23,BATANG NILAI,2013-09-04,80.6,6.14,7,20,10,7.41,1.96,29.58,247,0.12,20.2,123,133,0.52,13.1,0.17,0.010,<0.0002,<0.001,<0.001,<0.01,0.06,2.2,0.70,4.2,0.5,21.3,<1,<0.05,38000,158000,90,73,74,30,92,97,76,III
N.SEMBILAN,LANGAT,02 48 109,101 47 488,19,1L23,BATANG NILAI,2013-10-03,56.6,4.27,14,42,5,7.49,5.87,29.92,488,0.23,11.3,258,263,0.28,24.7,0.69,0.009,0.0007,<0.001,<0.001,<0.01,0.06,3.0,1.54,6.8,0.4,25.3,<1,<0.05,63500,177000,59,49,52,0,95,97,57,III
N.SEMBILAN,LANGAT,02 48 109,101 47 488,19,1L23,BATANG NILAI,2013-11-06,89.2,6.89,8,25,18,7.12,6.15,28.71,301,0.14,15.8,179,197,1.05,15.7,0.18,0.007,<0.0002,<0.001,<0.001,<0.01,0.03,3.6,0.20,4.9,0.6,36.1,<1,<0.05,38500,178000,96,69,69,0,87,99,71,III
N.SEMBILAN,LANGAT,02 46 661,101 45 119,19,1L23,BATANG NILAI,2013-12-11,68.9,5.10,14,44,15,7.58,8.06,31.15,340,0.16,35.0,209,224,0.47,18.0,0.18,0.008,<0.0002,<0.001,<0.001,<0.01,0.05,2.9,0.63,5.1,0.2,24.0,<1,<0.05,55500,490000,77,49,50,0,89,96,60,III
SELANGOR,LANGAT,02 48 109,101 47 488,19,1L23,BATANG NILAI,2014-01-10,60.6,4.90,14,43,6,7.24,10.78,26.17,451,0.21,11.1,243,249,0.25,54.0,0.25,0.005,<0.0002,<0.001,<0.001,<0.01,0.04,2.5,0.70,7.3,1.5,36.6,<1,<0.05,46000,200000,65,49,51,0,94,98,58.6,III
SELANGOR,LANGAT,02 48 109,101 47 488,19,1L23,BATANG NILAI,2014-02-06,92.1,6.81,17,51,12,8.00,12.09,30.29,473,0.22,24.4,290,302,0.72,23.2,0.37,0.009,<0.0002,<0.001,<0.001,<0.01,0.10,10.9,0.57,5.4,0.9,58.8,<1,<0.05,73000,5150000,100,41,44,0,91,91,62.2,III
SELANGOR,LANGAT,02 48 109,101 47 488,19,1L23,BATANG NILAI,2014-03-06,96.4,6.79,17,69,8,8.38,9.64,33.57,580,0.28,14.5,319,327,2.20,31.6,0.61,0.012,<0.0002,<0.001,<0.001,<0.01,0.03,3.4,0.03,4.2,0.4,38.5,<1,<0.05,46500,208500,100,41,32,0,93,85,59.9,III
SELANGOR,LANGAT,02 48 109,101 47 488,19,1L23,BATANG NILAI,2014-04-06,84.6,6.64,13,33,4,6.97,9.14,27.56,457,0.22,11.9,284,288,0.68,21.0,0.28,0.011,<0.0002,<0.001,<0.001,<0.01,0.10,17.1,1.13,8.0,1.4,65.9,<1,<0.05,63500,229500,93,52,60,0,95,100,67.1,III
SELANGOR,LANGAT,02 48 109,101 47 488,19,1L23,BATANG NILAI,2014-05-07,100.1,7.02,24,56,7,7.32,4.15,34.30,405,0.19,11.8,251,258,0.72,21.1,0.40,0.013,<0.0002,<0.001,<0.001,<0.01,0.04,14.7,1.34,7.7,1.4,57.9,<1,<0.05,48000,112000,100,26,41,0,93,98,60.3,III
N.SEMBILAN,LANGAT,02 48 109,101 47 488,19,1L23,BATANG NILAI,2014-06-04,81.7,6.14,7,28,10,7.12,3.87,30.26,200,0.09,23.1,123,133,0.85,13.7,0.17,0.005,<0.0002,<0.001,<0.001,<0.01,0.08,9.3,0.35,4.6,1.0,17.9,<1,<0.05,68000,530000,91,73,65,1,92,99,70.9,III
N.SEMBILAN,LANGAT,02 48 109,101 47 488,19,1L23,BATANG NILAI,2014-07-04,105.2,7.81,14,36,17,7.26,6.87,30.69,415,0.20,34.3,264,281,1.30,29.8,0.38,0.010,<0.0002,<0.001,<0.001,<0.01,0.01,13.9,0.12,8.5,1.3,54.6,<1,<0.05,33000,167000,100,49,57,0,88,98,66.2,III
N.SEMBILAN,LANGAT,02 48 109,101 47 488,19,1L23,BATANG NILAI,2014-08-07,69.4,5.13,10,26,18,7.17,4.93,31.20,253,0.12,38.2,167,185,0.18,19.0,0.19,0.006,<0.0002,<0.001,<0.001,<0.01,0.03,14.2,0.24,6.6,1.2,24.8,<1,0.09,107000,21600000,77,61,67,0,87,99,65.2,III
N.SEMBILAN,LANGAT,02 48 109,101 47 488,19,1L23,BATANG NILAI,2014-09-07,85.0,6.74,10,48,4,7.57,7.26,27.45,504,0.24,8.3,296,300,<0.01,32.1,0.68,0.013,<0.0002,<0.001,<0.001,<0.01,0.02,13.1,0.62,8.6,1.8,70.1,<1,0.09,42000,610000,94,61,46,0,95,96,66.4,III
N.SEMBILAN,LANGAT,02 48 109,101 47 488,19,1L23,BATANG NILAI,2014-10-09,110.7,8.42,7,24,5,7.11,6.91,29.56,421,0.20,11.3,256,261,0.73,29.0,0.43,0.010,<0.0002,<0.001,<0.001,<0.01,<0.01,13.9,1.43,8.8,1.3,59.1,<1,<0.05,530000,690000000,100,73,70,0,95,99,74.0,III
N.SEMBILAN,LANGAT,02 48 109,101 47 488,19,1L23,BATANG NILAI,2014-11-03,82.8,6.12,11,33,94,6.85,3.97,31.12,294,0.14,123.8,189,189,6.66,31.8,0.09,0.006,<0.0002,<0.001,<0.001,<0.01,0.01,18.5,0.15,7.8,1.7,27.0,<1,<0.05,51000,195000,92,58,60,0,NA,99,NA,I
N.SEMBILAN,LANGAT,02 48 109,101 47 488,19,1L23,BATANG NILAI,2014-12-04,68.9,5.51,9,38,36,7.10,0.87,26.65,212,0.10,72.1,159,195,5.04,27.9,0.02,0.003,<0.0002,<0.001,<0.001,<0.01,0.01,13.9,0.61,4.6,1.2,15.2,<1,<0.05,26000,185000,77,65,55,51,78,99,70.1,III
N.SEMBILAN,LANGAT,02 48 109,101 47 488,19,1L23,BATANG NILAI,2015-01-07,106.1,9.00,30,98,122,7.53,3.60,23.64,137,0.06,245.4,85.4,207.4,0.068,7.527,0.12,0.009928214,<0.0002,<0.001,<0.001,<0.01,0.020989267,8.0758,1.7938,3.55827662,0.719185,10.2082,<1,0.09,126000,121000000,100,17.74139013,18.19218885,3.970873516,56.57957764,96.431555,49.50176439,IV
N.SEMBILAN,LANGAT,02 48 109,101 47 488,19,1L23,BATANG NILAI,2015-03-04,71.0,5.63,20,54,5,7.51,7.41,27.14,474,0.23,14.2,337,342,0.132,27.254,0.47,0.011007208,<0.0002,<0.001,<0.001,<0.01,0.013201841,14.2228,0.23765026,8.34015443,1.36253,50.3887,<1,<0.05,42000,320000,79.2528,33.95007704,41.96069683,0,94.50957173,96.603395,57.31378101,III
N.SEMBILAN,LANGAT,02 48 109,101 47 488,19,1L23,BATANG NILAI,2015-04-05,50.0,3.81,43,167,139,7.34,4.01,29.51,325,0.15,266.1,198,337,<0.01,31.579,0.118,0.005926356,<0.0002,<0.001,<0.001,<0.01,0.023847272,11.34896324,0.021362095,5.035282384,1.107882612,38.8314652,<1,<0.05,1100000,4500000000,49.605,5.84652444,0.804460878,0,54.75724942,97.86862,32.65804769,IV
N.SEMBILAN,LANGAT,02 48 109,101 47 488,19,1L23,BATANG NILAI,2015-05-08,83.3,6.27,9,34,14,7.45,4.80,30.17,242,0.11,33.1,176,190,1.228,20.299,0.162,0.008794869,<0.0002,<0.001,<0.001,<0.01,0.023698649,13.1304,1.11341,4.60189091,1.25622,23.42104403,<1,0.073926,6500,211000,92.1697926,64.93365799,59.03636906,0,89.39578585,97.089875,68.01467917,III
N.SEMBILAN,LANGAT,02 48 109,101 47 488,19,1L23,BATANG NILAI,2015-06-12,57.3,4.37,4,13,6,7.54,2.52,29.17,156,0.07,16.4,89,95,0.663,22.681,0.183,0.004960779,<0.0002,<0.001,<0.001,<0.01,0.022955781,5.060442891,0.115650702,4.597613184,0.873586787,20.18250896,<1,0.05613,50000,560000,60.4771966,83.48,81.81,19.58318972,93.9245259,96.34382,71.78244425,III
N.SEMBILAN,LANGAT,02 48 109,101 47 488,19,1L23,BATANG NILAI,2015-07-01,89.4,6.66,10,45,3,7.78,3.24,30.83,374,0.18,7.7,234,237,1.17,59.782,<0.01,0.008826915,<0.0002,<0.001,<0.001,<0.01,0.011368116,14.77474303,0.07490459,6.82254888,1.604306329,51.0316479,<1,0.090378,51000,1100000,96.4724032,61.31057952,49.0169006,8.51107738,95.69261497,93.87518,68.56814451,III
N.SEMBILAN,LANGAT,02 48 109,101 47 488,19,1L23,BATANG NILAI,2015-02-04,86.0,6.37,14,35,2,7.49,11.90,31.14,352,0.17,6.1,218,220,0.208,32,0.188,0.009464811,<0.0002,<0.001,<0.001,<0.01,<0.01,10.9167,0.1154707,6.24958162,1.0336,2.7,<1,<0.05,27000,500000,94.2738,48.60541138,58.44610655,0,96.29067101,96.770395,66.34559597,III
N.SEMBILAN,LANGAT,02 48 109,101 47 488,19,1L23,BATANG NILAI,2015-08-05,78.5,5.85,18,72,8,8.33,9.28,30.82,469,0.22,14.9,290,298,0.364,68.3,0.437,0.01463,<0.0002,<0.001,<0.001,<0.01,0.1813,7.396168452,0.50528291,6.688852515,0.836693573,29,<1,0.127248,30000,4500000,87.725175,38.33028263,30.3791191,0,92.76724071,85.589155,56.55640837,III
N.SEMBILAN,LANGAT,02 48 109,101 47 488,19,1L23,BATANG NILAI,2015-09-07,72.8,5.38,13,40,13,7.70,9.23,31.16,321,0.15,30.9,215,228,0.772,18,0.173,0.006219865,<0.0002,<0.001,<0.001,<0.01,0.015488725,7.77205312,<0.01,5.567,0.773,38.78,<1,<0.05,57000,410000,81.4345296,51.53274807,53.00666946,0,89.94740053,94.7755,61.95252984,III
N.SEMBILAN,LANGAT,02 48 109,101 47 488,19,1L23,BATANG NILAI,2015-10-09,92.1,7.02,6,29,24,7.40,0.35,29.45,312,0.15,46.6,180,204,1.066,15.801,0.13,0.007546333,<0.0002,<0.001,<0.001,<0.01,0.013772323,0.727,0.124150755,3.544102372,0.212,34.53,<1,<0.05,75000,5700000,100,77.04376321,63.84956527,68.82487315,84.09811951,97.462,82.32911555,II
N.SEMBILAN,LANGAT,02 48 109,101 47 488,19,1L23,BATANG NILAI,2015-11-04,67.2,5.20,34,77,12,7.55,3.54,28.54,349,0.16,34.9,216,228,0.086,33.943,0.252,0.043904981,<0.0002,<0.001,0.001743276,<0.01,0.103200173,<0.1,0.424656629,4.257262551,0.24193668,43.48690572,<1,<0.05,26000,570000000,74.3873104,13.14405732,27.87782994,4.725537051,90.5030959,96.254875,50.06294287,IV
N.SEMBILAN,LANGAT,02 48 109,101 47 488,19,1L23,BATANG NILAI,2015-12-01,91.6,6.93,4,12,8,7.79,0.21,30.01,316,0.15,18.6,256,264,1.088,9.991,<0.01,0.00335347,<0.0002,<0.001,<0.001,<0.01,0.023825706,9.453255009,0.407305539,7.235208058,0.674830695,10.96980015,<1,<0.05,13000,190000,97.6067408,83.48,82.741,78.24,,93.757195,73.56010638,III
N.SEMBILAN,LANGAT,02 48 109,101 47 488,19,1L23,BATANG NILAI,2016-01-07,65.4,4.80,11,55,9,7.70,10.36,31.6,422,0.2,21.4,315,324,0.274,21.865,0.258,0.008889639,<0.0002,<0.001,<0.001,<0.01,0.010995757,12.72,0.266,8.249,1.359,21.13,<1,<0.05,300,31000,71.9745472,57.87603808,41.2334112,0,92.19494389,94.7755,59.55244443,III
N.SEMBILAN,LANGAT,02 48 109,101 47 488,19,1L23,BATANG NILAI,2016-02-03,64.7,4.98,34,76,12,7.19,4.81,28.82,404,0.19,20,328,340,2.395,21.513,0.181,0.006895266,0.000245487,<0.001,<0.001,<0.01,<0.01,11.451,0.051,6.388,1.207,51.248,<1,<0.05,51000,5900000,71.0196954,13.24535548,28.19467913,0,90.5030959,98.694595,48.97594593,IV
N.SEMBILAN,LANGAT,02 48 109,101 47 488,19,1L23,BATANG NILAI,2016-03-03,126.7,8.87,8,21,11,7.31,13.20,33.12,436,0.21,28.9,254,265,0.017,28.339,0.551,0.008992,<0.0002,<0.001,<0.001,<0.01,<0.01,12.599,<0.01,8.228,1.528,56.033,<1,<0.05,9700,110000,100,68.75593348,73.23136262,0,91.06289964,98.055595,73.11738072,III
N.SEMBILAN,LANGAT,02 48 109,101 47 488,19,1L23,BATANG NILAI,2016-04-06,86.7,6.44,14,37,31,7.87,3.32,30.61,179,0.08,63.6,97,128,NA,12,<0.01,0.004150675,<0.0002,<0.001,<0.001,<0.01,<0.01,9.435,0.537,5.425,0.941,14.022,<1,<0.05,4100,132000,94.7688274,48.60541138,56.13765253,7.465440987,80.6167457,92.769755,64.21706065,III
N.SEMBILAN,LANGAT,02 48 109,101 47 488,19,1L23,BATANG NILAI,2016-05-08,70.4,5.21,32,69,94,7.58,1.81,31.22,315,0.15,101.9,196,290,0.098,22.447,0.055,0.005796483,<0.0002,<0.001,<0.001,<0.01,0.010047683,8.698,0.847,4.732,0.93,38.391,<1,<0.05,95000,1140000,78.5070672,15.38084529,32.10310087,32.39843895,56.34598088,95.98078,50.72322791,IV
N.SEMBILAN,LANGAT,02 48 110,101 47 490,19,1L23,BATANG NILAI,2016-06-08,77.2,5.76,20,66,30,7.49,1.48,30.65,339,0.16,14.7,224,254,2.913,23.963,0.179,0.006846309,<0.0002,<0.001,<0.001,<0.01,0.011952877,12.702,0.273,5.538,1.233,39.474,<1,0.158234,24000,165000,86.3802704,33.95007704,33.90443759,37.69198738,81.10304756,96.770395,61.12161725,III
N.SEMBILAN,LANGAT,02 48 109,101 47 488,19,1L23,BATANG NILAI,2016-07-01,91.4,6.70,17,35,8,7.57,0.53,31.62,329,0.15,11.3,232,240,8.42,29.51,0.29,0.008575657,0.000365998,<0.001,0.003039839,<0.01,<0.01,9.753,0.053,6.932,1.597,36.842,<1,<0.05,700,6000,97.5134112,40.69927348,58.05555081,62.03042605,92.76724071,96.073355,74.15082558,III
N.SEMBILAN,LANGAT,02 48 109,101 47 488,19,1L23,BATANG NILAI,2016-08-05,69.4,5.39,6,26,20,7.36,10.50,28.59,403,0.19,10.7,252,272,1.69,27,0.31,0.011,<0.0002,<0.001,<0.001,<0.01,0.06,14.2,0.83,8.5,1.5,52.6,<1,<0.05,32000,550000,77.2447232,77.04376321,67.43912732,0,86.17026563,97.73792,67.93820739,III
N.SEMBILAN,LANGAT,02 48 109,101 47 488,19,1L23,BATANG NILAI,2016-09-02,98.2,7.42,8,26,23,7.89,7.50,29.5,352,0.17,10.9,221,244,1.77,20,0.14,0.007,<0.0002,<0.001,<0.001,<0.01,0.04,14.8,0.34,6.3,1.2,48.6,<1,<0.05,22500,159000,100,68.75593348,67.43912732,0,84.61040919,92.510795,70.4928486,III
N.SEMBILAN,LANGAT,02 48 109,101 47 488,19,1L23,BATANG NILAI,2016-10-06,85.6,6.34,9,31,45,7.39,7.82,31.08,356,0.17,NA,226,271,<0.01,26,0.28,0.008,<0.0002,<0.001,<0.001,<0.01,0.02,13.3,0.21,8.2,1.4,44.4,<1,<0.05,37000,248000,93.9813968,64.93365799,62.06909427,0,74.17704763,97.532795,66.51662042,III
N.SEMBILAN,LANGAT,02 48 109,101 47 488,19,1L23,BATANG NILAI,2016-11-04,89.3,6.78,10,27,9,7.48,7.37,29.72,405,0.19,10.2,251,260,0.42,28,0.32,0.01,<0.0002,<0.001,<0.001,<0.01,0.03,10.9,0.18,6.6,1.3,45.8,<1,<0.05,27300,142000,96.4153086,61.31057952,66.33240074,0,92.19494389,96.85208,69.84700274,III
N.SEMBILAN,LANGAT,02 48 109,101 47 488,19,1L23,BATANG NILAI,2016-12-08,82.8,6.38,13,31,49,7.61,6.68,28.83,317,0.15,15.9,205,254,0.4,21,0.15,0.008,<0.0002,<0.001,<0.001,<0.01,0.03,13.7,0.27,7.4,1.6,37.2,<1,<0.05,35000,97000,91.7474896,51.53274807,62.06909427,0,72.4582,95.695795,62.98353233,III
N.SEMBILAN,LANGAT,02 48 120,101 47 514,19,,BATANG NILAI,2017-01-04,88.5,6.96,8,31,176,7.99,1.65,27.99,204,0.09,100.3,107,283,0.54,10,0.06,0.008,<0.0002,<0.001,<0.001,<0.01,0.05,10.3,0.76,4.2,0.8,27.8,<1,<0.05,43000,520000,95.941675,68.75593348,62.06909427,34.76944222,50.93485726,91.143395,68.40405184,III
N.SEMBILAN,LANGAT,02 48 109,101 47 488,19,,BATANG NILAI,2017-02-07,59.1,4.65,15,56,83,7.07,5.17,27.74,183,0.09,42.8,98,181,0.68,10,0.06,0.002,<0.0002,<0.001,<0.001,<0.01,0.04,12.3,0.36,4.9,1.1,8.9,<1,<0.05,80000,470000,63.1042858,45.82937919,40.51683169,0,59.78276788,99.159355,50.53758345,IV
N.SEMBILAN,LANGAT,02 48 109,101 47 488,19,,BATANG NILAI,2017-03-03,126.7,8.87,5,13,21,7.31,4.93,29.87,379,0.18,6,234,255,0.58,23,0.2,0.01,<0.0002,<0.001,<0.001,<0.01,0.03,11.9,0.6,6,1.3,49.8,<1,<0.05,3400,79000,100,79.25,81.81,0,85.6464563,98.055595,75.61720441,III
N.SEMBILAN,LANGAT,02 48 109,101 47 488,19,,BATANG NILAI,2017-04-07,49.0,3.78,12,31,96,7.33,5.71,28.15,232,0.11,55.3,159,255,0.03,17,0.32,0.004,<0.0002,<0.001,<0.001,<0.01,0.02,13.1,0.31,6,1.1,16.2,<1,<0.05,42000,360000,48.1052,54.61994413,62.06909427,0,55.75242621,97.932155,51.56423526,IV
N.Sembilan,LANGAT,2.814387,101.81132,19,3NLGT023,BATANG NILAI,2017-10-06,85.6,6.63,8,21,36,8.45,2.04,28.435,923.6,0.45,19.44,378,414,2.69,45,0.95,0.021,<0.001,<0.001,<0.001,<0.001,0.069,0.8,0.56,3.4,0.2,112,<1.000,<0.050,25000,79000,93.9813968,68.75593348,73.23136262,29.00601795,78.23894962,83.294875,72.32107231,III
N.Sembilan,LANGAT,2.801874,101.791659,19,3NLGT024,BATANG NILAI,2017-08-07,59.0,4.43,9,26,26,7.39,13.5,30.351,315.7,0.15,22.93,197,223,<0.010,28,1.23,0.005,<0.001,<0.001,<0.001,<0.001,0.018,4.7,0.34,7.8,0.6,33.6,<1.000,<0.050,13000,144000,62.9592,64.93365799,67.43912732,0,83.08487939,97.532795,61.97619549,III
N.Sembilan,LANGAT,2.801874,101.791659,19,3NLGT024,BATANG NILAI,2017-10-04,76.3,5.98,12,36,26,7.76,6.26,27.894,298.7,0.14,11.65,223,249,<0.010,20,0.76,0.015,<0.001,<0.001,0.001,<0.001,0.021,1.8,1.13,4.6,0.3,33.6,<1.000,<0.050,11600,79000,85.4167106,54.61994413,57.08938807,0,83.08487939,94.10752,62.89025091,III
N.Sembilan,LANGAT,2.801874,101.791659,19,3NLGT024,BATANG NILAI,2017-12-05,121.5,9.02,5,15,17,7.53,4.32,31.006,247,0.12,10,184,201,1.38,17,0.2,0.013,<0.001,<0.001,<0.001,<0.001,0.024,3.8,0.43,5.5,0.5,29.5,<1.000,<0.050,6000,196000,100,79.25,79.15,0,87.76515196,96.431555,75.33571091,III
N.Sembilan,LANGAT,2.814387,101.81132,19,3NLGT023,BATANG NILAI,2017-08-07,79.5,5.98,9,26,14,8.30,3.43,30.206,936.7,0.46,7.98,514,528,2.91,30,1.37,0.022,<0.001,<0.001,<0.001,<0.001,0.052,3.7,0.44,5.5,0.8,131,<1.000,<0.050,2400,79000,88.720525,64.93365799,67.43912732,6.019516229,89.39578585,86.1355,68.18868406,III
N.Sembilan,LANGAT,2.814387,101.81132,19,3NLGT023,BATANG NILAI,2017-12-05,86.9,6.60,13,48,32,7.47,1.16,29.669,558.2,0.27,18.24,375,407,1.63,49,0.07,0.019,<0.001,<0.001,<0.001,<0.001,0.094,3.1,0.64,5.3,0.4,87,<1.000,<0.050,1000,116000,94.9063182,51.53274807,46.55891631,44.15718343,80.13405701,96.932555,69.19697198,III
SELANGOR/PUTRAJAYA/N.SEMBILAN,LANGAT,2.801874,101.791659,19,1L23,BATANG NILAI,2018-02-07,89.339,7.051,6,12,15,7.681,6.9,27.483,372.177,0.176,15.676,272,287,0.54,19,0.71,0.013,<0.0010,<0.001,0.001,<0.001,0.012,10.5,0.16,6.8,1.3,49.1,<1.000,<0.050,35000,220000,96,77,83,0,89,95,75,III
SELANGOR/PUTRAJAYA/N.SEMBILAN,LANGAT,2.814387,101.81132,19,1L22,BATANG NILAI,2018-02-07,66.879,5.305,8,22,24,8.087,1.58,27.13,844.205,0.411,11.464,578,602,0.96,32,0.47,0.008,<0.0010,<0.001,<0.001,<0.001,0.007,7.2,0.47,5.8,1.1,163,<1.000,<0.050,5000,57000,74,69,72,36,84,90,71,III
SELANGOR/PUTRAJAYA/N.SEMBILAN,LANGAT,2.801874,101.791659,19,1L23,BATANG NILAI,2018-04-04,89.921,6.66,6,19,53,7.344,2.64,31.158,243.406,0.113,17.749,183,236,1.32,16,Triennial,0.01,<0.0010,<0.001,<0.001,<0.001,<0.100,9.3,<0.100,6.2,0.9,25.7,Triennial,<0.050,2600,50000,97,77,74,18,71,98,74,III
SELANGOR/PUTRAJAYA/N.SEMBILAN,LANGAT,2.814387,101.81132,19,1L22,BATANG NILAI,2018-04-06,78.44,6.019,5,23,33,7.884,1.88,29.022,788.365,0.382,13.731,510,543,1,45,Triennial,0.028,<0.0010,<0.001,<0.001,0.003,<0.100,1.8,0.25,7.2,0.6,162,Triennial,<0.050,26000,140000,88,79,71,31,80,93,74,III
SELANGOR/PUTRAJAYA/N.SEMBILAN,LANGAT,2.801874,101.791659,19,1L23,BATANG NILAI,2018-06-06,131.661,9.277,47,146,23,8.651,3.33,34.116,351.295,0.164,13.301,217,240,1.24,22,0.15,0.012,<0.0010,<0.001,<0.001,<0.001,0.012,1.2,0.1,4.2,0.2,40,<1.000,<0.050,22000,176000,100,3,5,7,85,79,48,IV
SELANGOR/PUTRAJAYA/N.SEMBILAN,LANGAT,2.814387,101.81132,19,1L22,BATANG NILAI,2018-06-06,31.008,2.302,28,102,56,7.565,<0.010,30.935,703.842,0.338,40.202,405,461,<0.010,43,0.17,0.006,<0.0010,<0.001,<0.001,<0.001,0.014,1.8,2.54,5.2,0.2,89,<1.000,<0.050,80000,152000,22,20,17,99,70,96,49,IV
SELANGOR/PUTRAJAYA/N.SEMBILAN,LANGAT,2.801874,101.791659,19,1L23,BATANG NILAI,2018-08-06,117.5,8.603,12,45,28,8.55,8.46,31.941,414.277,0.195,8.099,406,434,<0.010,30,1.16,0.016,<0.0010,<0.001,0.001,<0.001,0.016,1.3,0.61,4.9,0.2,69.5,<1.000,<0.050,500,210000,100,55,49,0,82,81,63,III
SELANGOR/PUTRAJAYA/N.SEMBILAN,LANGAT,2.814387,101.81132,19,1L22,BATANG NILAI,2018-08-06,87.099,6.528,8,31,21,8.528,1.59,30.284,1416.317,0.702,17.247,1050,1071,1.64,52,3.51,0.028,<0.0010,<0.001,<0.001,<0.001,0.008,1.5,<0.010,1.1,0.2,183,<1.000,<0.050,210000,4100000,95,69,62,36,86,82,73,III
SELANGOR/PUTRAJAYA/N.SEMBILAN,LANGAT,2.801874,101.791659,19,1L23,BATANG NILAI,2018-10-04,73.405,5.728,5,15,268,7.135,1.61,28.171,121.572,0.056,167.124,63,331,1.26,6,0.24,0.007,<0.0010,<0.001,0.002,0.004,0.054,8.2,0.38,4,0.6,7.6,<1.000,<0.050,3600,70000,82,79,79,35,42,99,70,III
SELANGOR/PUTRAJAYA/N.SEMBILAN,LANGAT,2.814387,101.81132,19,1L22,BATANG NILAI,2018-10-04,97.235,7.681,4,15,66,7.68,0.59,27.462,205.3,0.096,68.681,106,172,2.08,8,0.18,0.012,<0.0010,<0.001,0.003,0.004,0.284,4.5,0.34,2.4,0.4,36.1,<1.000,<0.050,12000,80000,100,83,79,60,66,95,81,II
SELANGOR/PUTRAJAYA/N.SEMBILAN,LANGAT,2.801874,101.791659,19,1L23,BATANG NILAI,2018-12-06,96.769,7.385,6,19,28,7.242,2.01,29.417,214.371,0.1,20.039,180,208,1.65,14,0.26,0.013,<0.0010,<0.001,0.001,<0.001,0.021,14.7,0.04,5,1.3,19.3,<1.000,<0.050,2200,8000,100,77,74,30,82,98,78,II
SELANGOR/PUTRAJAYA/N.SEMBILAN,LANGAT,2.814387,101.81132,19,1L22,BATANG NILAI,2018-12-06,87.456,6.767,7,20,72,7.528,0.88,28.59,464.043,0.221,50.562,367,439,2.62,24,0.43,0.016,<0.0010,<0.001,<0.001,0.001,0.069,10.4,0.37,5.4,1.3,81.2,<1.000,<0.050,56000,166000,95,73,73,51,64,96,76,III