SMP-DAT,DO (% Sat) ,DO (mg/l),BOD (mg/l),COD (mg/l),SS (mg/l),pH (unit),NH3-NL (mg/l),TEMP (Deg C),COND (uS),SAL (ppt),TUR (NTU),DS (mg/l),TS (mg/l),NO3-(mg/l),Cl (mg/l),PO4 (mg/l),As (mg/l),Hg (mg/l),Cd (mg/l),Cr (mg/l),Pb (mg/l),Zn (mg/l),Ca (mg/l),Fe (mg/l),K (mg/l),Mg (mg/l),Na (mg/l),OG (mg/l),MBAS (mg/l),E-coli (cfu/100ml),Coliform (cfu/100ml),DO INDEX,BOD INDEX,COD INDEX,AN INDEX,SS INDEX,PH INDEX,WQI,CLASS
2019-01-10,108.8224762,9.049597467,2.111940486,5.026828986,37.04376049,7.368610083,-0.316548532,23.74684908,7.554027988,-0.000911371,20.16344053,63.51425243,291.9766893,1.64491917,1.675390305,0.049223268,0.004801443,<0.001,<0.001,<0.001,0.001,0.01839897,0.953563373,0.558037177,1.684635565,0.19172467,2.932340477,<1.000,<0.050,7887.962291,27371.68703,100,91.46649174,92.41431745,133.7375959,77.75369638,97.68016278,98.38777456,I
2019-02-06,104.4639591,8.590060759,3.25291524,9.547150833,47.60615906,7.251455406,-0.005414823,24.64763647,41.74939503,0.015645157,29.31686003,61.98223258,251.2781691,1.915125105,5.45804451,0.119214155,0.006529929,<0.001,<0.001,<0.001,<0.001,0.019288656,1.300057649,0.490106104,2.932797813,0.18783209,6.224517318,<1.000,<0.050,10229.56778,33981.85691,100,86.64016853,86.40228939,101.0685564,73.05126823,98.38911215,90.94117816,II
2019-03-06,99.34448041,8.105028744,4.822296485,15.48404336,54.72050717,7.10563763,0.207215092,25.30133508,61.51243345,0.024893531,40.05390186,56.1108018,205.0493278,2.093367792,7.64153149,0.123728247,0.009278759,<0.001,<0.001,<0.001,<0.001,0.020389582,1.62732358,0.40453777,3.593008612,0.18379534,7.714731929,<1.000,<0.050,10790.2899,25014.60829,100,80.00168587,78.50622233,78.74241531,70.08864173,99.03951963,84.67160322,II
2019-04-06,96.1896749,7.876752347,5.230392039,16.48663319,55.21307304,7.006549687,0.129000289,25.28146156,48.35622636,0.018621757,46.73677161,52.03951363,200.3541654,2.147902632,6.247541247,0.193449426,0.011910183,<0.001,<0.001,<0.001,<0.001,0.021756555,2.616283564,0.639373013,3.770649852,0.17932608,5.635694462,<1.000,<0.050,6638.791067,19533.46479,100,80.47781214,77.17277786,86.95496962,69.88937593,99.33467618,85.7841355,II
2019-05-07,111.782142,9.208879639,4.000653466,10.39069045,39.86431229,7.040800551,-0.30967782,24.35102439,0.650988936,-0.004314572,23.94324487,27.33686458,162.5901413,1.359389592,4.010041135,0.078246805,0.003171364,<0.001,<0.001,<0.001,<0.001,0.022831145,2.546735644,0.512119456,2.298108223,0.174856821,2.458560192,<1.000,<0.050,6409.476767,14850.82517,100,83.47723584,85.2803817,133.0161711,76.46122485,99.24608739,95.60128802,I
2019-06-04,91.93740422,7.60812899,8.652495678,18.73754104,49.22025136,6.791884709,0.21978656,25.0374863,36.08956011,0.011703969,33.93540749,45.35685136,205.4036244,1.266768714,4.359115076,0.268328443,0.004617846,<0.001,<0.001,<0.001,<0.001,0.030012817,3.615740178,0.42646795,3.598159803,0.170820071,5.093056645,<1.000,<0.050,6117.483049,29437.68554,97.75965901,66.23877124,74.17907042,77.4224112,72.36505497,98.93990472,81.02570183,II
2019-07-04,108.2161967,9.028172777,3.075255574,9.122211764,59.27471961,7.087135445,-0.128970387,23.48589756,18.26148175,0.003303467,37.53520655,33.50030522,191.5069057,2.147481865,1.9567387,0.019168149,0.006469254,<0.0010,<0.001,<0.001,0.004,0.02147957,2.472868473,0.452171452,2.747334582,0.166494982,3.07185383,<1.000,<0.050,6438.152377,13313.94932,100,87.39166892,86.96745835,114.0418906,68.27439624,99.10365333,92.44183583,II
2019-08-07,115.3376836,9.58055183,2.511714112,7.525251292,40.40717309,7.509832112,-0.396127341,23.66575711,-1.317127218,-0.006087254,25.08224072,30.40890625,186.5120018,1.795304674,2.128152303,-0.006628617,0.004757802,<0.0010,<0.001,<0.001,<0.001,0.020375178,1.622156965,0.286262099,2.478520342,0.161593214,2.537265083,<1.000,<0.050,5751.844696,18707.6616,100,89.77544931,89.09141578,142.0933708,76.21559055,96.60481701,98.41304004,I
2019-09-07,103.3104766,8.204887047,2.557387246,6.548848634,53.24348611,6.776612685,0.07770985,27.10469395,44.94532816,0.014891975,37.94785178,57.05409062,276.3541179,2.482700352,8.526143253,0.190404703,0.008687755,<0.0010,<0.001,<0.001,0.004,0.020714004,3.100483459,0.269955966,4.317106732,0.157123955,6.303415533,<1.000,<0.050,7523.57376,19091.00998,100,89.58225195,90.39003132,92.34046571,70.69065232,98.86357327,90.5082359,II
2019-10-09,110.1034784,8.944609494,3.351347093,10.3489219,42.12166395,7.191603374,-0.241816777,25.20047385,14.57184239,0.000978466,23.65166808,33.13345384,173.7498897,1.35112258,2.984783675,0.172253426,0.00635984,<0.0010,<0.001,<0.001,<0.001,0.021053731,2.612101912,0.41117701,2.794303894,0.152510526,3.480091131,<1.000,<0.050,7507.786667,21200.95067,100,86.22380179,85.33593387,125.8907616,75.44635947,98.68720553,94.83376818,I
2019-11-03,87.36907887,7.159787434,5.387443178,17.90672363,49.09895149,6.816599652,0.501469409,25.59693573,76.10849494,0.030145949,36.00398064,59.37110355,206.7002514,3.461861697,6.930686398,0.10032816,0.010302267,<0.0010,<0.001,<0.001,0.001,0.021025552,1.8023532,0.468663583,4.287675914,0.148906285,5.834547577,<1.000,<0.050,7488.663119,19519.93604,95.2218228,79.76544997,75.28405757,63.03132826,72.4163339,99.05684123,81.07781933,II
2019-12-04,113.9792734,9.561448287,2.465187821,8.699802983,53.5932515,7.492095399,-0.528625658,22.87720453,-6.703287976,-0.009093655,19.72636891,26.63847219,190.1014021,1.498528117,-0.70352517,-0.043675141,0.003691524,<0.0010,<0.001,<0.001,<0.001,0.017373256,0.940708706,0.428057321,1.223914973,0.144437026,1.298833925,<1.000,<0.050,7384.334003,30034.24654,100,89.97225552,87.52926203,156.0056941,70.54748311,96.7531254,99.39823693,I
2020-01-07,111.4074286,9.357645601,1.781919871,4.135449775,40.57882986,7.370031591,-0.459099066,22.88852427,-5.506401191,-0.007945631,22.54673728,63.55645884,325.1590893,1.625992355,1.043518928,0.021988101,0.004904237,<0.0010,<0.001,<0.001,<0.001,0.020218277,1.021943886,0.570785327,1.606639968,0.139535258,2.522536477,<1.000,<0.050,8571.965985,20609.45174,100,92.86247895,93.5998518,148.705402,76.13812719,97.6705409,100.8282228,I
2020-02-04,106.9043764,8.880707892,2.909548851,8.615478569,51.81188504,7.251785989,-0.130435864,23.83780497,30.91588227,0.009728149,31.92040656,62.56825455,284.6247047,1.916180916,5.056195255,0.103379258,0.006638879,<0.0010,<0.001,<0.001,<0.001,0.021131864,1.400731655,0.509913717,2.957598874,0.135498508,6.052738467,<1.000,<0.050,11068.98486,29119.47456,100,88.09260836,87.6414135,114.1957657,71.2806222,98.38734531,93.1009676,I
2020-03-04,102.0072325,8.405997438,4.536759451,14.84270237,59.20404797,7.103888687,0.098184966,24.53172363,52.66008322,0.019905487,42.53433647,55.99060224,233.6985396,2.091564241,7.526126842,0.098555274,0.009219749,<0.0010,<0.001,0.001,0.001,0.022187775,1.657786045,0.392329929,3.627284374,0.131317588,7.802795504,<1.000,<0.050,12070.5592,19687.04978,100,81.20950752,79.35920584,90.1905786,68.30207164,99.04575922,86.46968872,II
2020-04-05,97.4600716,8.063160136,5.114335679,16.38497941,60.69050078,6.991636971,0.045736546,24.57314736,41.62602145,0.014644399,51.11854653,53.22949965,231.3180782,2.191333655,6.156734462,0.182903153,0.012553622,<0.0010,<0.001,0.001,<0.001,0.023708263,2.742376302,0.651076345,3.918551288,0.126704159,5.777536849,<1.000,<0.050,7607.883896,14262.19991,100,81.00810795,77.30797738,95.69766263,67.72309946,99.65180388,86.90937867,II
2020-05-08,113.0219269,9.395463347,3.995454667,10.33094931,44.97001432,7.01892241,-0.393365896,23.63132266,-6.862146021,-0.008699809,27.69884433,28.12243052,193.3798579,1.365260829,3.847812915,0.069686136,0.003501926,<0.0010,<0.001,0.001,0.014,0.025072559,2.705963337,0.515985993,2.429200477,0.121946561,2.559630926,<1.000,<0.050,7359.034709,9892.141239,100,83.49922676,85.35983742,141.8034191,74.19012967,99.30431221,96.57987815,I
2020-06-12,98.51448649,8.254624154,6.802401518,15.49426099,57.70862424,6.848379232,0.023474265,23.84857684,22.88992734,0.004664831,38.91141486,42.22719213,231.3792793,1.56157664,3.518123785,0.179580687,0.005540354,<0.0010,<0.001,0.001,0.001,0.029438389,3.427784848,0.446478875,3.448348254,0.116900623,4.53450181,<1.000,<0.050,7211.000713,18869.85501,100,73.61145297,78.49263288,98.03520218,68.89119565,99.19522829,86.17629635,II
2020-07-01,109.1458475,9.180947697,2.920922238,8.826325915,66.4994198,7.008466001,-0.190499532,22.81492709,12.90099332,-4.57661E-05,42.70227619,34.75255071,224.1220226,2.228991077,1.962557019,0.009741699,0.007060836,<0.001,<0.001,<0.001,0.001,0.023521772,2.71546539,0.476238506,2.912740734,0.1141614,3.237621452,<1.000,<0.050,7520.522816,7110.277248,100,88.04449893,87.36098653,120.5024509,65.52256392,99.33009458,93.18480185,I
2020-08-05,118.7079001,9.975478544,2.292584705,7.186777167,43.8993386,7.568828605,-0.552325281,22.59477037,-15.08821966,-0.013321845,27.05286197,27.61568143,206.0587899,1.715810512,1.288181333,-0.039564546,0.004648396,<0.001,<0.001,<0.001,<0.001,0.022269887,1.611297071,0.297443321,2.36476973,0.109115463,2.148351169,<1.000,<0.050,6573.030889,13120.30546,100,90.7023667,89.54158637,158.4941545,74.65918159,96.08412002,100.8097901,I
2020-09-07,105.4111964,8.461351245,2.341600152,6.113120193,58.03047139,6.765702253,-0.028508214,26.35100543,35.95156236,0.009836245,41.32770702,57.07164882,305.3854599,2.496491673,8.340127443,0.173168101,0.00897006,<0.001,<0.001,<0.001,<0.001,0.022630783,3.21245211,0.277436519,4.392814139,0.104357864,6.290915586,<1.000,<0.050,8486.766328,13474.58062,100,90.49503136,90.96955014,103.4933625,68.76383625,98.80713623,92.1322585,II
2020-10-09,112.2041982,9.201073693,3.13556,9.913193463,46.90864923,7.180692942,-0.348034842,24.44678533,5.578076581,-0.004077263,27.03152332,33.15101205,202.7812317,1.364913901,2.798767865,0.155016824,0.006642145,<0.001,<0.001,<0.001,<0.001,0.022970511,2.724070563,0.418657563,2.8700113,0.099744436,3.467591183,<1.000,<0.050,8470.979235,15584.5213,100,87.1365812,85.91545269,137.0436584,73.35040492,98.7368741,96.4434613,I
2020-11-04,90.42629811,7.502410317,5.070778603,17.16312936,54.10582855,6.830186772,0.358474244,24.74687143,64.18370796,0.023699554,38.79932709,58.07818276,234.5902067,3.40529661,6.468747217,0.077773841,0.010345207,<0.001,<0.001,<0.001,<0.001,0.022801751,1.883571568,0.474107446,4.253675077,0.095996025,5.658415914,<1.000,<0.050,8445.721786,14323.85095,97.03082396,81.20798918,76.27303795,68.33815485,70.3383555,99.11765629,82.37896415,II
2020-12-01,116.2517838,9.828694787,2.34708662,8.850751837,60.0429068,7.491620673,-0.634507471,22.14472525,-14.95386379,-0.013848416,23.01759007,22.69525006,203.7727652,1.505673585,-0.981183797,-0.06580454,0.003882362,<0.001,<0.001,<0.001,<0.001,0.019006099,1.053313904,0.419116817,1.291552488,0.092103444,1.240359573,<1.000,<0.050,8280.106474,25673.14646,100,90.4718236,87.32850006,167.1232844,67.97452999,96.75704259,100.7174691,I
2021-01-07,113.5081483,9.6141098,1.566132777,3.699721334,45.36581514,7.359121159,-0.565317131,22.13483576,-14.500167,-0.013001361,25.92659252,63.57401704,354.1904313,1.639783676,0.857503118,0.004751499,0.005186542,<0.0010,<0.001,<0.001,0.004,0.022135056,1.133912538,0.57826588,1.682347374,0.086769167,2.51003653,<1.000,<0.050,9535.158553,14993.02238,100,93.77525835,94.17937063,159.8582987,74.01768899,97.74376489,102.4368252,I
2021-02-03,109.1498853,9.151741867,2.639383697,7.968364236,56.35112046,7.245666809,-0.244668312,23.06018666,21.13796202,0.004305317,34.96937612,62.82810879,315.4953095,1.924543986,4.778184862,0.086740104,0.006847295,<0.0010,<0.001,<0.001,<0.001,0.023017285,1.507886195,0.522648426,3.011608493,0.082876587,5.972349151,<1.000,<0.050,11979.42066,23824.44229,100,89.23540696,88.50207557,126.1901728,69.43182501,98.41983564,94.96305761,I
2021-03-03,104.3889685,8.684713885,4.286097387,14.30416766,63.83931102,7.097559,-0.00943913,23.77007365,43.7370252,0.0148836,45.46448139,55.93928156,262.5388165,2.097558126,7.375416613,0.077350486,0.009331396,<0.0010,<0.001,<0.001,0.004,0.024045262,1.729001604,0.389966284,3.682275958,0.078839837,7.840577318,<1.000,<0.050,13192.29013,14215.05584,100,82.26980805,80.07545702,101.4911086,66.51813325,99.06803186,88.19806809,II
2021-04-06,100.3911144,8.389680744,4.798817852,15.61517631,64.78704361,6.984728823,-0.08343584,23.77408452,30.36869474,0.008510298,53.49648208,52.07463004,258.4168493,2.175485275,5.875509626,0.158976222,0.012474793,<0.0010,<0.001,<0.001,<0.001,0.025590114,2.840220867,0.654334119,3.922064666,0.073938069,5.610694567,<1.000,<0.050,8565.176202,8300.60606,100,80.10100049,78.33181551,109.2607632,66.16110673,99.6360696,88.68350048,II
2021-05-08,115.1226466,9.651927546,3.779667573,9.895220869,49.7569996,7.008011978,-0.499583961,22.87763414,-15.85591183,-0.013755538,31.07869957,28.13998872,222.4111998,1.379052151,3.661797105,0.052449534,0.003784231,<0.0010,<0.001,<0.001,0.001,0.026989339,2.817931988,0.523466546,2.504907884,0.06932464,2.547130979,<1.000,<0.050,8322.227277,4275.711873,100,84.41200616,85.93935624,152.9563159,72.13871089,99.33118409,98.19396139,I
2021-06-08,98.37702501,8.31607287,7.403767958,16.46230835,60.64491573,6.803766322,-0.037696685,23.31249879,15.99909501,0.000600806,41.49319403,43.81835905,261.9384648,1.434859659,3.659595715,0.198099662,0.005502558,<0.0010,<0.001,<0.001,<0.001,0.032600772,3.68971549,0.447694242,3.636815139,0.064855381,4.795029307,<1.000,<0.050,8109.030732,15729.12622,100,71.13429907,77.20512989,104.4581519,67.74075738,98.99713854,86.25523819,II
2021-07-01,111.2465672,9.437411896,2.705135144,8.390597475,71.28640508,6.997555569,-0.296717597,22.06123857,3.907227516,-0.005101496,46.08213143,34.77010891,253.1533645,2.242782398,1.776541209,-0.007494903,0.007343141,<0.0010,<0.001,<0.001,<0.001,0.025438551,2.827434042,0.48371906,2.988448141,0.061539479,3.225121505,<1.000,<0.050,8483.715384,1493.847882,100,88.95727834,87.94050536,131.6553477,63.78141511,99.66477795,94.88546566,I
2021-08-05,120.8086198,10.23194274,2.076797611,6.751048726,48.68632388,7.557918173,-0.658543346,21.84108185,-24.08198547,-0.018377574,30.43271721,27.63323963,235.0901318,1.729601833,1.102165523,-0.056801148,0.004930701,<0.0010,<0.001,<0.001,<0.001,0.024186666,1.723265723,0.304923874,2.440477137,0.056493542,2.135851222,<1.000,<0.050,7536.223456,7503.87609,100,91.6151461,90.12110519,169.6470513,72.59112262,96.18358844,102.4299225,I
2021-09-02,104.3106641,8.421884903,2.122567876,5.47799485,65.60823513,6.637610875,-0.008966899,26.03672606,38.16956948,0.009994295,48.66574039,64.16387648,358.3458084,2.909177055,9.634485419,0.155271723,0.01005772,<0.0010,<0.001,0.001,0.001,0.024495118,3.371946037,0.259956888,4.909887246,0.052456791,7.06093575,<1.000,<0.050,9452.75108,7235.848159,100,91.42153788,91.81426685,101.4415244,65.85383934,98.02579145,91.57631282,II
2021-10-06,117.519796,9.712816947,2.627879292,8.411351971,50.8429166,7.225086704,-0.560797305,23.61624288,-12.20682335,-0.01330023,28.64772681,29.40440403,227.2169473,1.085037579,2.026089082,0.145774548,0.006347778,<0.0010,<0.001,0.001,<0.001,0.024854293,2.933636799,0.418108557,2.72231151,0.047555023,3.105301687,<1.000,<0.050,9435.06603,10297.00974,100,89.2840706,87.91290188,159.383717,71.68358584,98.52578323,100.230063,I
2021-11-04,92.52701787,7.758874515,4.85499151,16.72740092,58.89281383,6.81927634,0.252256179,23.99318291,55.18994215,0.018643824,42.17918233,58.09574096,263.6215486,3.419087932,6.282731407,0.060537239,0.010627512,<0.0010,<0.001,0.001,0.014,0.024718531,1.99554022,0.481588,4.329382484,0.043374104,5.645915966,<1.000,<0.050,9408.914353,8707.421585,100,79.86338591,76.85255678,74.01310121,68.42413021,99.06901669,83.40856043,II
2021-12-08,117.9516587,10.06000028,1.903365778,7.046109709,60.95032872,7.456360259,-0.741510122,21.34154852,-25.68173959,-0.019606405,26.60425816,31.95462903,268.644058,1.534971897,-0.953366366,-0.071624614,0.00437809,<0.0010,<0.001,0.001,0.001,0.021585397,1.163797281,0.464913171,1.386089642,0.038472336,1.335133237,<1.000,<0.050,9400.612601,17127.61543,100,92.34876276,89.72867409,178.3585629,67.62256919,97.04037005,103.1210927,I
2022-01-04,116.0931007,9.922157934,1.236112162,2.808342123,48.90088452,7.360542667,-0.707867665,21.27651095,-27.56059618,-0.020035621,28.30988928,63.61622345,387.3728313,1.620856861,0.225631741,-0.022483667,0.005289336,<0.001,<0.001,<0.001,0.001,0.023954362,1.202293051,0.591014031,1.604351777,0.034579755,2.10023253,<1.000,<0.050,10219.16225,8230.787095,100,95.17124556,95.36490498,174.8261048,72.50016688,97.73430623,104.8929806,I
2022-02-07,110.6046229,9.343202452,2.666206412,8.475742084,62.24345129,7.21338002,-0.315129897,22.41326185,15.6427314,0.000887429,39.82549053,61.76465392,336.3207095,1.962553656,5.002606423,0.066837965,0.007459259,<0.001,<0.001,<0.001,<0.001,0.025073971,1.641333189,0.506687358,3.184121411,0.029677987,6.262740233,<1.000,<0.050,13177.98957,16774.08745,100,89.12194688,87.82726303,133.5886392,67.12520198,98.5837632,95.59391177,I
2022-03-03,106.4896883,8.941178084,4.070310294,13.86843922,68.6262963,7.086648567,-0.115657195,23.01638513,34.7432594,0.009827871,48.84433663,55.95683976,291.5701584,2.111349447,7.189400803,0.060113884,0.009613701,<0.001,<0.001,<0.001,<0.001,0.025962041,1.840970256,0.397446838,3.757983365,0.026217916,7.828077371,<1.000,<0.050,14155.4827,8598.626473,100,83.18258746,80.65497584,112.6440054,64.74104832,99.10528505,89.8572905,II
2022-04-07,103.3221573,8.716201353,4.483300024,14.84537321,68.88358644,6.977820675,-0.212608226,22.97502169,19.11136803,0.002376197,55.87441764,50.91976042,285.5156204,2.159636895,5.59428479,0.135049292,0.012395964,<0.001,<0.001,<0.001,<0.001,0.027471965,2.938065432,0.657591894,3.925578044,0.021171978,5.443852285,<1.000,<0.050,9522.468508,2339.012205,100,81.4356409,79.35565363,122.8238638,64.64737063,99.61969871,90.89119906,II
2022-05-06,118.9452363,10.04815273,3.142703891,8.707517833,53.90655138,7.019036962,-0.650862003,22.05597205,-27.81093934,-0.020152253,33.70706636,26.62153146,247.9257925,1.40868364,3.428206115,0.017861067,0.003970023,<0.001,<0.001,<0.001,<0.001,0.028256848,2.835382558,0.538175131,2.469845595,0.016991058,2.307489668,<1.000,<0.050,9312.689095,-2656.208357,100,87.10636254,87.51900128,168.8405103,70.41956246,99.30402243,101.0629383,I
2022-06-07,100.1952521,8.547923135,7.291118124,16.20375787,65.19831517,6.788602123,-0.138229115,22.58627604,7.270751536,-0.004329756,44.77231987,44.03453071,291.162644,1.430916686,3.514913861,0.18537596,0.005744461,<0.001,<0.001,<0.001,<0.001,0.034674766,3.820611636,0.454384033,3.726754514,0.012306246,4.816989594,<1.000,<0.050,9063.998791,10425.16809,100,71.59226331,77.54900204,115.0140571,66.00697846,98.92376045,87.69444673,II
2022-07-04,114.8122075,9.823583701,2.412473953,7.779936311,73.02398958,7.071406641,-0.458838189,21.2040759,-9.631499162,-0.012291926,47.22631383,33.24316478,277.7016696,2.171863655,1.350555113,-0.034501426,0.007238564,<0.0010,<0.001,<0.001,0.004,0.027198437,2.775996409,0.470451128,2.951949061,0.008376521,2.989622033,<1.000,<0.050,9297.825262,-3387.984354,100,90.19523518,88.75268471,148.6780099,63.16511791,99.15491633,97.64423455,I
2022-08-05,122.5756559,10.45201245,1.861889036,6.289757259,53.81364894,7.528632899,-0.751624339,21.17079429,-31.82004424,-0.022860596,34.18298568,28.38960435,266.6144624,1.767912985,1.08804001,-0.069911226,0.005315966,<0.0010,<0.001,<0.001,<0.001,0.026109247,1.867519516,0.311431717,2.565983057,0.003795831,2.22229064,<1.000,<0.050,8536.742005,1879.804908,100,92.52420938,90.73462285,179.4205556,70.45746291,96.44345524,103.8566315,I
2022-09-07,109.9652183,9.006873104,1.910383386,5.263624666,67.29706872,6.756787568,-0.254795342,24.79523236,16.72917853,-0.000849454,47.65146815,56.327569,360.8126296,2.480140567,7.805049099,0.138767564,0.009445969,<0.0010,<0.001,<0.001,0.004,0.026470118,3.431155032,0.295146713,4.495617424,-0.000965371,6.179729796,<1.000,<0.050,10412.84394,2310.261655,100,92.31907828,92.09937919,127.2535109,65.22797288,98.75984389,95.65220911,I
2022-10-05,120.1116777,10.00828211,2.36749734,7.812745148,55.49962554,7.222625524,-0.683292986,22.85081279,-22.54367909,-0.018992621,31.75813525,28.84688128,255.5461797,1.05396301,1.750444206,0.129759301,0.00654198,<0.0010,<0.001,<0.001,<0.001,0.026766031,3.060516192,0.424362372,2.763887262,-0.00500082,3.039361669,<1.000,<0.050,10398.39522,4730.831707,100,90.38548625,88.70904895,172.2457635,69.77379472,98.53811045,102.1919352,I
2022-11-05,95.58423711,8.101497398,4.538326935,15.98380665,63.8996909,6.83286346,0.109261014,23.14311861,43.26515516,0.012197429,44.97452879,56.80282018,291.5115039,3.362522844,5.820792226,0.037982919,0.010670452,<0.0010,<0.001,<0.001,0.001,0.026494731,2.076758587,0.487031863,4.295381646,-0.009391987,5.469784303,<1.000,<0.050,10365.97302,3511.336497,100,81.20287706,77.84153716,89.02759356,66.4953098,99.1293466,85.77210278,II
2022-12-05,120.2241691,10.32724678,1.785264577,7.197058564,67.39998401,7.455885533,-0.847391936,20.60906923,-33.9323154,-0.024361166,29.89547932,28.01140691,282.315421,1.542117365,-1.231024994,-0.093754014,0.004568928,<0.0010,<0.001,<0.001,<0.001,0.02321824,1.276402479,0.455972667,1.453727157,-0.013717076,1.276658884,<1.000,<0.050,10296.38507,12766.51535,100,92.84833084,89.52791211,189.4761532,65.19009498,97.04408198,104.4627768,I
2023-01-07,117.6284341,10.11839311,1.153703282,2.904628147,55.14959754,7.335233553,-0.771664207,20.64499499,-31.80615596,-0.022781233,32.85331882,63.60500259,411.5574286,1.672849636,0.560193589,-0.028046019,0.005781237,<0.0010,<0.001,<0.001,<0.001,0.025984951,1.36515489,0.592344177,1.859521672,-0.01854716,2.551621851,<1.000,<0.050,11508.33368,3952.192231,100,95.51983512,95.23684456,181.5247418,69.9150129,97.89905454,105.5496637,I
2023-02-07,112.6208939,9.591168783,2.482135496,8.163305143,67.17493748,7.199675075,-0.416673547,21.67353046,7.106326185,-0.003954187,43.3983359,61.64089218,364.2792955,1.979511022,4.870246748,0.0492529,0.00778466,<0.0010,<0.001,<0.001,<0.001,0.02700904,1.756109686,0.511103408,3.272484121,-0.023019323,6.289836978,<1.000,<0.050,14171.95269,10970.2022,100,89.90056685,88.24280416,144.2507224,65.27296204,98.64953301,97.11918262,I
2023-03-04,108.134147,9.161513286,3.911146589,13.59962819,73.65961949,7.068300787,-0.219592412,22.27562294,25.63469163,0.004717193,52.95434653,56.08623048,320.9117158,2.137800773,6.946062459,0.049320072,0.010173087,<0.0010,<0.001,0.001,0.001,0.027975089,2.019106082,0.420910539,3.867325211,-0.026638081,7.733939397,<1.000,<0.050,14861.27062,2747.690146,100,83.85584993,81.01249451,123.5572032,62.94172516,99.16468495,91.39862931,II
2023-04-06,104.9765784,8.935010231,4.3211182,14.5892099,74.04168453,6.964759015,-0.306488343,22.24572187,11.33426621,-0.002099908,59.79280471,51.56749858,315.5857192,2.189359555,5.459443832,0.121408741,0.012872378,<0.0010,<0.001,0.001,<0.001,0.029407518,3.05762578,0.667342191,4.040089741,-0.031372452,5.514311343,<1.000,<0.050,10488.83247,-3091.891248,100,82.12167001,79.69635084,132.681276,62.80797479,99.58700546,92.25644146,II
2023-05-06,120.5401568,10.26356214,3.05063742,8.49268193,58.88078275,7.001683001,-0.743843699,21.32225077,-35.93483453,-0.024814069,37.30767133,27.09029421,277.9901796,1.417821912,3.256165514,0.005721575,0.004280679,<0.0010,<0.001,0.001,0.014,0.03036435,2.975115896,0.54353245,2.5780916,-0.035715562,2.361712496,<1.000,<0.050,10267.87132,-7886.212281,100,87.49580371,87.80473303,178.6035884,68.42885433,99.34611196,102.3336484,I
2023-06-06,101.802484,8.761389129,7.255502035,16.07754249,69.57724818,6.770260762,-0.234514917,21.88056761,-1.259346648,-0.009166828,47.97621042,44.39904778,320.5308542,1.413727878,3.40110455,0.176022966,0.005956188,<0.0010,<0.001,0.001,0.001,0.036866184,3.965644824,0.4604832,3.82732382,-0.040188526,4.864688406,<1.000,<0.050,10012.82392,5354.596322,100,71.73763301,77.71686848,125.1240662,64.39573439,98.83090943,88.9964858,II
2023-07-06,117.62343,10.14295753,2.159402068,7.259363557,76.33198162,7.101606479,-0.592169601,20.40020127,-20.82962145,-0.01838301,49.52184292,32.5116222,304.5586889,2.144569654,1.04815105,-0.056476548,0.007333226,<0.001,<0.001,<0.001,0.001,0.029039121,2.808711199,0.467868436,2.973235076,-0.044507808,2.868964841,<1.000,<0.050,10188.71107,-8648.125956,100,91.26572925,89.44504647,162.6778081,62.01443568,99.05384564,99.86213839,I
2023-08-06,124.0001923,10.63472613,1.647882188,5.802227388,59.29030559,7.48048732,-0.831221178,20.58611114,-38.2692201,-0.02675578,38.31345375,29.90429489,300.6976467,1.831391783,1.250346149,-0.078785756,0.005806911,<0.001,<0.001,<0.001,<0.001,0.028037782,2.044911428,0.31694115,2.742603172,-0.04897967,2.41028341,<1.000,<0.050,9575.57269,-3752.109989,100,93.42945834,91.38303757,187.7782237,68.26829469,96.84812737,105.0843191,I
2023-09-04,110.202098,9.091039965,1.692706875,4.711802918,73.70890723,6.677651785,-0.287793501,24.29737761,14.26315607,-0.002869605,53.33586266,60.46415697,403.775971,2.726176875,8.480939804,0.121146826,0.01019717,<0.001,<0.001,<0.001,<0.001,0.028356363,3.570793955,0.288094892,4.82829775,-0.053167598,6.622830447,<1.000,<0.050,11377.66217,-3668.486399,100,93.23984992,92.83330212,130.7183176,62.9244487,98.29355294,96.03978561,I
2023-10-04,123.1470935,10.33896633,2.066844881,7.067054209,60.03869098,7.227794274,-0.820487848,22.0747797,-34.09338574,-0.025259936,34.62522507,27.77004301,283.2413859,0.982373183,1.393861568,0.114846975,0.006656623,<0.001,<0.001,<0.001,<0.001,0.028673217,3.200860438,0.429508405,2.774641094,-0.057496993,2.925163649,<1.000,<0.050,11361.84777,-789.9678526,100,91.65724615,89.7008179,186.651224,67.97617087,98.51213727,104.462335,I
2023-11-06,99.15424635,8.490310909,4.167580823,15.07516208,69.0244544,6.859583989,-0.053450764,22.24138618,29.76901516,0.005005483,47.4565136,54.80733705,318.789549,3.268238905,5.21092746,0.012577712,0.010585067,<0.001,<0.001,<0.001,<0.001,0.028195564,2.141491386,0.491383834,4.202565,-0.062235369,5.205927858,<1.000,<0.050,11319.74324,-1459.397353,100,82.77113312,79.05003444,106.1123302,64.59615996,99.24080796,88.53565288,II
2023-12-06,122.2354146,10.5780952,1.518599414,6.455769032,71.32099532,7.439539837,-0.953785131,19.84433424,-43.31315933,-0.02957365,33.32149814,30.09187153,319.346752,1.559370068,-1.36931017,-0.108442284,0.004898872,<0.001,<0.001,<0.001,<0.001,0.025282903,1.388039596,0.472005854,1.533637632,-0.066564263,1.28810394,<1.000,<0.050,11294.69227,6496.268651,100,93.97632448,90.51382719,200.6474388,63.7690657,97.170227,106.2983076,I